file_name,TP,class_confusions,unmatched_FP,unmatched_FN,FP,FN,ground_truth_objects,predicted_objects,precision,recall,F1,FN_rate,metric_state,was_in_original_effective_universe
2024-08-21_14-38-20-06-00_0003_104MEDIA_DSCF0552_JPG.rf.3c4467542ce9492ee1fd5e57c5b03ade.jpg,0,0,0,8,0,8,8,0,NA,0,0,1,defined_zero_performance,FALSE
Acanthurus-chirurgus_45_jpeg.rf.1dbcff035c4378ed4fc0476eb1835020.jpg,8,0,1,1,1,1,9,9,0.8888888888888888,0.8888888888888888,0.8888888888888888,0.1111111111111111,defined,TRUE
2024-08-13_17-40-24-06-00_0004_100MEDIA_DSCF0755_JPG.rf.3929e352b46079517e1843762784e899.jpg,6,0,0,2,0,2,8,6,1,0.75,0.8571428571428571,0.25,defined,TRUE
Scarus-iseri_12_jpg.rf.ff0d66c76df78590d991220f5d9cc4df.jpg,0,0,0,2,0,2,2,0,NA,0,0,1,defined_zero_performance,FALSE
Haemulon-flavolineatum_2_jpeg.rf.d5261573fad58517333501fc89412a9e.jpg,1,0,0,1,0,1,2,1,1,0.5,0.6666666666666666,0.5,defined,TRUE
2024-09-04_17-07-44-06-00_0005_103MEDIA_DSCF0747_JPG.rf.cdd9b79883a8907faac038a11ecdb571.jpg,2,0,0,0,0,0,2,2,1,1,1,0,defined,TRUE
2025-09-12_13-45-42-06-00_0003_108MEDIA_DSCF0018_JPG.rf.2e002224b52c57890b542e341f9c7610.jpg,2,0,0,0,0,0,2,2,1,1,1,0,defined,TRUE
Scarus-iseri_tp_38_jpg.rf.90205aa85f5b663a99f339a616ee52ec.jpg,1,0,0,0,0,0,1,1,1,1,1,0,defined,TRUE
Lutjanus-analis_33_jpeg.rf.f23863ca4612525719d50326be275f18.jpg,1,0,0,0,0,0,1,1,1,1,1,0,defined,TRUE
Seriola-zonata_4_jpg.rf.6ffea0a7ad8a7ea53866b141ffb21560.jpg,0,0,0,0,0,0,0,0,NA,NA,NA,NA,precision_recall_f1_undefined_no_objects,FALSE
Lutjanus-jocu_39_jpeg.rf.589672f9784afaeb1355307ea7f3fcc0.jpg,2,0,0,0,0,0,2,2,1,1,1,0,defined,TRUE
2024-08-25_18-08-58-06-00_0005_106MEDIA_DSCF0497_JPG.rf.eb1537f42cda07437348c684a131b18b.jpg,0,0,0,3,0,3,3,0,NA,0,0,1,defined_zero_performance,FALSE
Mycteroperca-bonaci_46_jpg.rf.974548938d7f8765cdc08cf861231619.jpg,2,0,0,0,0,0,2,2,1,1,1,0,defined,TRUE
2024-08-26_14-54-28-06-00_0005_106MEDIA_DSCF0913_JPG.rf.e18aa06cd25e0af9e5a54ab21ddcb8eb.jpg,2,0,0,0,0,0,2,2,1,1,1,0,defined,TRUE
2024-08-26_15-16-06-06-00_0004_106MEDIA_DSCF0965_JPG.rf.0494dcce88ca29c033c51e084cd78db0.jpg,6,3,0,2,3,5,11,9,0.6666666666666666,0.5454545454545454,0.6,0.45454545454545453,defined,TRUE
Chaetodon-sedentarius_35_jpg.rf.b23f380c370c9e8ab965f8e30b756336.jpg,4,0,0,0,0,0,4,4,1,1,1,0,defined,TRUE
Cephalopholis-cruentata_51_jpg.rf.6dc2c9c71dca2556dad8eba64151805a.jpg,0,2,0,0,2,2,2,2,0,0,0,1,defined_zero_performance,TRUE
2024-08-26_13-48-28-06-00_0005_106MEDIA_DSCF0891_JPG.rf.482ca50173fc6d84af92352b570ea869.jpg,2,0,0,0,0,0,2,2,1,1,1,0,defined,TRUE
Sparisoma-viride_7_jpeg.rf.1b8165093a633db7a17f4741dffd8072.jpg,2,0,0,0,0,0,2,2,1,1,1,0,defined,TRUE
Azurina-cyanea_10_jpg.rf.78df6a17a76988e387ef6f19fc6524b9.jpg,1,0,0,0,0,0,1,1,1,1,1,0,defined,TRUE
Urobatis-jamaicensis_23_jpeg.rf.a0160953092751c56edc822c726519d6.jpg,2,0,0,0,0,0,2,2,1,1,1,0,defined,TRUE
Haemulon-sciurus_11_jpeg.rf.d6a27978eb875bedab85141848abc965.jpg,5,0,0,0,0,0,5,5,1,1,1,0,defined,TRUE
Scarus-iseri_48_jpg.rf.0a7e4f7f73ad56f43246ac6787501f2d.jpg,3,0,0,0,0,0,3,3,1,1,1,0,defined,TRUE
Scarus-coelestinus_11_jpg.rf.41503e02cf0308bfdd8d4fc39317a2df.jpg,1,0,0,0,0,0,1,1,1,1,1,0,defined,TRUE
2024-09-05_08-48-42-06-00_0004_104MEDIA_DSCF0071_JPG.rf.c27bbea2f5eb93fa4597d614df439c67.jpg,2,0,0,0,0,0,2,2,1,1,1,0,defined,TRUE
2024-09-01_08-23-18-06-00_0004_102MEDIA_DSCF0135_JPG.rf.1d52fc49e83acb118e5c7b457697245f.jpg,2,0,0,0,0,0,2,2,1,1,1,0,defined,TRUE
Bodianus-rufus_43_jpeg.rf.b13dfeb9b3f84efa9533c973d8f297b8.jpg,2,0,0,0,0,0,2,2,1,1,1,0,defined,TRUE
2024-08-24_15-20-54-06-00_0001_106MEDIA_DSCF0018_JPG.rf.c0c1ef33c60d74645603bd80809fde95.jpg,0,0,0,2,0,2,2,0,NA,0,0,1,defined_zero_performance,FALSE
Acanthurus-coeruleus_29_jpg.rf.c422ac7dfb32365d801f81143f330037.jpg,2,0,0,0,0,0,2,2,1,1,1,0,defined,TRUE
Sparisoma-viride_9_jpg.rf.893b4a3d715d308b067d1db78157e1ef.jpg,3,0,0,0,0,0,3,3,1,1,1,0,defined,TRUE
2024-08-25_16-12-44-06-00_0001_106MEDIA_DSCF0516_JPG.rf.420ca1779a55c36189982c3c5f99b07c.jpg,2,0,2,0,2,0,2,4,0.5,1,0.6666666666666666,0,defined,TRUE
Kyphosus-vaigiensis_48_jpg.rf.96481fdd6f33d75b4eea77af727d0f62.jpg,1,0,0,1,0,1,2,1,1,0.5,0.6666666666666666,0.5,defined,TRUE
Chaetodon-ocellatus_21_jpg.rf.c9eddf6a29575eef0e2bd71179051d8c.jpg,2,0,0,3,0,3,5,2,1,0.4,0.5714285714285715,0.6,defined,TRUE
Epinephelus-morio_36_jpg.rf.9444f5f6b43a3f2862693c1d52f48725.jpg,2,0,0,0,0,0,2,2,1,1,1,0,defined,TRUE
Rhomboplites-aurorubens_4_jpg.rf.f0e9b9bd1a95a63b577bead216527593.jpg,3,0,1,1,1,1,4,4,0.75,0.75,0.75,0.25,defined,TRUE
Scarus-guacamaia_38_jpeg.rf.96ce3627f737c8006d495d17553ffcb3.jpg,3,0,0,1,0,1,4,3,1,0.75,0.8571428571428571,0.25,defined,TRUE
2024-08-18_06-43-48-06-00_0003_102MEDIA_DSCF0951_JPG.rf.250c4ccbfa79e4f4593ca3389dec81ba.jpg,2,0,0,0,0,0,2,2,1,1,1,0,defined,TRUE
Sparisoma-chrysopterum_45_jpg.rf.b68d5cbdcc7ed33bd7831be8799652e2.jpg,1,0,0,0,0,0,1,1,1,1,1,0,defined,TRUE
Scarus-taeniopterus_23_jpg.rf.30e469a8f4f6ce89005a9538d9f80435.jpg,3,0,0,0,0,0,3,3,1,1,1,0,defined,TRUE
Rhomboplites-aurorubens_12_png.rf.898218d4dfb052c981eb70e2265301dc.jpg,1,0,0,3,0,3,4,1,1,0.25,0.4,0.75,defined,TRUE
Mycteroperca-bonaci_40_jpeg.rf.22078d4c53601efde061888464ab8103.jpg,2,0,0,0,0,0,2,2,1,1,1,0,defined,TRUE
2024-08-17_15-16-54-06-00_0004_102MEDIA_DSCF0628_JPG.rf.b469514219e6b67a8385c057b87d744d.jpg,3,0,0,0,0,0,3,3,1,1,1,0,defined,TRUE
2024-08-17_13-41-20-06-00_0002_102MEDIA_DSCF0609_JPG.rf.e04aed354fd764467f18e20fa2c9c762.jpg,2,0,2,0,2,0,2,4,0.5,1,0.6666666666666666,0,defined,TRUE
Cephalopholis-cruentata_34_jpg.rf.bc18d5452d51b89be9050a1d6a502b30.jpg,0,1,0,0,1,1,1,1,0,0,0,1,defined_zero_performance,TRUE
Rhomboplites-aurorubens_1_jpg.rf.cdf87fef27237e98642df779d26ea654.jpg,14,3,4,24,7,27,41,21,0.6666666666666666,0.34146341463414637,0.4516129032258065,0.6585365853658537,defined,TRUE
2024-08-25_16-45-46-06-00_0001_106MEDIA_DSCF0527_JPG.rf.6ba6ff55b2d21d1513f9d7aff00e0301.jpg,2,0,2,0,2,0,2,4,0.5,1,0.6666666666666666,0,defined,TRUE
2024-08-18_07-10-48-06-00_0004_102MEDIA_DSCF0947_JPG.rf.60ecd71756be3d95dc4867fbfb838af8.jpg,26,0,3,2,3,2,28,29,0.896551724137931,0.9285714285714286,0.912280701754386,0.07142857142857142,defined,TRUE
2024-08-22_06-56-30-06-00_0003_104MEDIA_DSCF0878_JPG.rf.607d842bb00b332c83cb38d6a34e7465.jpg,2,0,0,0,0,0,2,2,1,1,1,0,defined,TRUE
Canthigaster-rostrata_6_jpg.rf.b671e8e842e52c80bc3fea5b64c5624e.jpg,0,0,0,0,0,0,0,0,NA,NA,NA,NA,precision_recall_f1_undefined_no_objects,FALSE
Scarus-taeniopterus_35_jpg.rf.604bdba62a49f0f9f175a4adbe5cb152.jpg,0,0,0,2,0,2,2,0,NA,0,0,1,defined_zero_performance,FALSE
Halichoeres-bivittatus_31_jpg.rf.f9042d2a614adbf120ce0c75a0e18452.jpg,3,0,0,0,0,0,3,3,1,1,1,0,defined,TRUE
2024-08-22_10-38-38-06-00_0003_104MEDIA_DSCF0952_JPG.rf.e7fe8b7492b9b5a02c8ec43f65781347.jpg,0,2,0,0,2,2,2,2,0,0,0,1,defined_zero_performance,TRUE
Pomacanthus-paru_7_jpg.rf.27788584dccb7f0cc5b16c7fc890651c.jpg,1,0,0,0,0,0,1,1,1,1,1,0,defined,TRUE
Pomacanthus-arcuatus_7_jpg.rf.59f7f4735bc121266caa0dcac994338f.jpg,1,0,2,0,2,0,1,3,0.3333333333333333,1,0.5,0,defined,TRUE
2025-09-12_17-32-14-06-00_0002_108MEDIA_DSCF0116_JPG.rf.c1d51a0bfee3851e1f3d6fe290573a39.jpg,2,0,0,0,0,0,2,2,1,1,1,0,defined,TRUE
Bodianus-rufus_41_jpg.rf.ceba9b89d9ce095dbcee5eb5c46a0fae.jpg,1,0,0,0,0,0,1,1,1,1,1,0,defined,TRUE
2024-08-22_07-05-08-06-00_0002_104MEDIA_DSCF0884_JPG.rf.87119578292a017782985061c33c4d20.jpg,18,0,2,4,2,4,22,20,0.9,0.8181818181818182,0.8571428571428572,0.18181818181818182,defined,TRUE
2024-09-19_08-36-32-06-00_0004_110MEDIA_DSCF0808_JPG.rf.029bc6b7d71bb443b0a3dea35044c3d5.jpg,0,2,0,0,2,2,2,2,0,0,0,1,defined_zero_performance,TRUE
Acanthurus-tractus_6_jpeg.rf.8e6ce56accfcd4a7ca9b92e045719f6f.jpg,0,0,0,0,0,0,0,0,NA,NA,NA,NA,precision_recall_f1_undefined_no_objects,FALSE
Sparisoma-viride_8_jpg.rf.d3665826745f357dda468eb84f589e53.jpg,1,0,1,2,1,2,3,2,0.5,0.3333333333333333,0.4,0.6666666666666666,defined,TRUE
Chromis-scotti_6_jpg.rf.c8f5df2b3cc93b9323bcf390e7913ea5.jpg,5,0,0,2,0,2,7,5,1,0.7142857142857143,0.8333333333333333,0.2857142857142857,defined,TRUE
2024-09-09_14-29-48-06-00_0002_106MEDIA_DSCF0298_JPG.rf.9c83c9c1a9f97557e68837fd3453e81f.jpg,3,0,0,0,0,0,3,3,1,1,1,0,defined,TRUE
Sparisoma-viride_6_jpg.rf.fbfc01b5590576e216b2988f84bcab11.jpg,1,0,0,0,0,0,1,1,1,1,1,0,defined,TRUE
Chaetodon-ocellatus_31_jpeg.rf.fff72bd82345720e7ca700cfd80bca8f.jpg,2,0,0,0,0,0,2,2,1,1,1,0,defined,TRUE
2024-08-12_14-04-22-06-00_0003_100MEDIA_DSCF0208_JPG.rf.863f6027ab5443d599ee0875fb8463da.jpg,6,0,0,0,0,0,6,6,1,1,1,0,defined,TRUE
Scarus-vetula_19_png.rf.5c323334cd5c78c5a89dadd7f50e7e7a.jpg,0,2,0,2,2,4,4,2,0,0,0,1,defined_zero_performance,TRUE
2024-08-12_14-16-20-06-00_0003_100MEDIA_DSCF0212_JPG.rf.5419ae1a9fdccc46e7ae5ee3e85cb4ce.jpg,2,0,0,3,0,3,5,2,1,0.4,0.5714285714285715,0.6,defined,TRUE
2024-08-12_15-39-42-06-00_0001_100MEDIA_DSCF0246_JPG.rf.9f482788c24e0c9f93bb940904db0592.jpg,7,0,2,1,2,1,8,9,0.7777777777777778,0.875,0.823529411764706,0.125,defined,TRUE
Chaetodon-capistratus_10_jpg.rf.e821b091b04cdd3259313fa5a9eb4073.jpg,2,0,0,0,0,0,2,2,1,1,1,0,defined,TRUE
2024-08-22_10-02-36-06-00_0003_104MEDIA_DSCF0940_JPG.rf.258e7ef8671e527272f5c8db3b3379a4.jpg,2,0,0,0,0,0,2,2,1,1,1,0,defined,TRUE
2024-08-23_10-39-56-06-00_0004_105MEDIA_DSCF0425_JPG.rf.f4e532dd32837346a7ee1a283a40dfff.jpg,0,0,0,0,0,0,0,0,NA,NA,NA,NA,precision_recall_f1_undefined_no_objects,FALSE
Scarus-iseri_21_jpeg.rf.0274c8b623367cf6394abbcb7b4954e0.jpg,0,3,0,2,3,5,5,3,0,0,0,1,defined_zero_performance,TRUE
Scarus-taeniopterus_37_jpeg.rf.59bfc41e2cbfa574e7ef55e875cae316.jpg,1,0,0,1,0,1,2,1,1,0.5,0.6666666666666666,0.5,defined,TRUE
2024-08-23_10-16-02-06-00_0004_105MEDIA_DSCF0417_JPG.rf.7f90fd72b78efe82bbc067cbd6852920.jpg,0,0,0,0,0,0,0,0,NA,NA,NA,NA,precision_recall_f1_undefined_no_objects,FALSE
Lutjanus-jocu_48_jpg.rf.63fdafca92a0ac1af5c55a611990f6dc.jpg,2,0,0,0,0,0,2,2,1,1,1,0,defined,TRUE
Sparisoma-viride_21_jpeg.rf.63817d20968bfe11dee184fd484da141.jpg,2,0,0,0,0,0,2,2,1,1,1,0,defined,TRUE
2024-08-13_17-02-44-06-00_0002_100MEDIA_DSCF0750_JPG.rf.adec920eeaa2aae77a7ec081710350f8.jpg,3,0,0,1,0,1,4,3,1,0.75,0.8571428571428571,0.25,defined,TRUE
2024-09-10_16-55-30-06-00_0001_106MEDIA_DSCF0818_JPG.rf.9abe0f135e389db8f52e3ea2959e137e.jpg,0,2,0,0,2,2,2,2,0,0,0,1,defined_zero_performance,TRUE
2024-08-21_17-35-20-06-00_0002_104MEDIA_DSCF0613_JPG.rf.ce4753e999239dd4af8b9489ce5bc6f9.jpg,2,0,0,0,0,0,2,2,1,1,1,0,defined,TRUE
Rhomboplites-aurorubens_7_jpg.rf.7480876d4a55360b4e64a147b63b0aa6.jpg,8,0,1,3,1,3,11,9,0.8888888888888888,0.7272727272727273,0.7999999999999999,0.2727272727272727,defined,TRUE
2024-08-15_18-17-38-06-00_0003_101MEDIA_DSCF0739_JPG.rf.1ae4cfde3135b61e598ddd5e5fdb1602.jpg,2,0,4,0,4,0,2,6,0.3333333333333333,1,0.5,0,defined,TRUE
Pomacanthus-paru_42_jpg.rf.d6a30f44830125e54bcf14068656fd7c.jpg,3,0,0,0,0,0,3,3,1,1,1,0,defined,TRUE
Canthigaster-rostrata_46_jpeg.rf.72eb3ffaf1bc16ef6df71b929c0d904e.jpg,0,0,0,0,0,0,0,0,NA,NA,NA,NA,precision_recall_f1_undefined_no_objects,FALSE
Chaetodon-striatus_23_jpg.rf.6bd8ddd7f5a93e0ad91aa34fb0f86f7a.jpg,2,0,0,1,0,1,3,2,1,0.6666666666666666,0.8,0.3333333333333333,defined,TRUE
2024-08-19_10-46-50-06-00_0003_103MEDIA_DSCF0513_JPG.rf.ba56323d9c126ce1b79f790f6334278e.jpg,2,0,0,0,0,0,2,2,1,1,1,0,defined,TRUE
2024-08-19_10-04-52-06-00_0004_103MEDIA_DSCF0487_JPG.rf.85e0fde1f3ee53af5dc523add32c40ae.jpg,0,1,0,3,1,4,4,1,0,0,0,1,defined_zero_performance,TRUE
2024-08-15_17-44-16-06-00_0005_101MEDIA_DSCF0671_JPG.rf.35658df174cf84e14231690cebf73233.jpg,0,2,0,0,2,2,2,2,0,0,0,1,defined_zero_performance,TRUE
2024-08-19_09-49-48-06-00_0003_103MEDIA_DSCF0494_JPG.rf.89e8d2733f746e40af942b06306c0b1c.jpg,4,0,0,0,0,0,4,4,1,1,1,0,defined,TRUE
Epinephelus-morio_35_jpeg.rf.d9c7a25363aca95449f6c344e37e0246.jpg,1,0,0,1,0,1,2,1,1,0.5,0.6666666666666666,0.5,defined,TRUE
Halichoeres-bivittatus_12_jpg.rf.465319790ab64701ab67b2d4ee480d2f.jpg,1,0,0,0,0,0,1,1,1,1,1,0,defined,TRUE
Rhomboplites-aurorubens_38_jpeg.rf.625a8391d4e1c355f0d813c163f55e92.jpg,1,0,0,0,0,0,1,1,1,1,1,0,defined,TRUE
Sparisoma-chrysopterum_54_jpeg.rf.42675f7a625ef648abee676e2dd25dec.jpg,1,0,0,0,0,0,1,1,1,1,1,0,defined,TRUE
2024-08-18_07-55-52-06-00_0003_102MEDIA_DSCF0975_JPG.rf.1e0fc96ff3db149f9cc0237a77be0de1.jpg,2,2,0,4,2,6,8,4,0.5,0.25,0.3333333333333333,0.75,defined,TRUE
Cephalopholis-cruentata_5_jpg.rf.f0411387525a8c3b6b5ab18e4f82b684.jpg,1,0,0,1,0,1,2,1,1,0.5,0.6666666666666666,0.5,defined,TRUE
2025-09-16_13-20-08-06-00_0005_109MEDIA_DSCF0938_JPG.rf.53ec76f595a2a111634da7f2ff9ff138.jpg,0,2,0,1,2,3,3,2,0,0,0,1,defined_zero_performance,TRUE
Scarus-taeniopterus_49_jpg.rf.7e40b26f53171cd8de68444c0ecc16ec.jpg,1,1,1,1,2,2,3,3,0.3333333333333333,0.3333333333333333,0.3333333333333333,0.6666666666666666,defined,TRUE
Chaetodon-sedentarius_46_jpg.rf.6e4c06aec42857d55a84240ba26d3950.jpg,2,0,0,2,0,2,4,2,1,0.5,0.6666666666666666,0.5,defined,TRUE
2024-09-11_16-11-10-06-00_0005_107MEDIA_DSCF0094_JPG.rf.5b79376f7cd9237b7916bf9153d9ffbe.jpg,0,0,0,2,0,2,2,0,NA,0,0,1,defined_zero_performance,FALSE
Urobatis-jamaicensis_32_png.rf.68b262ecf3065b0dc83d785d97b4d3aa.jpg,3,0,0,0,0,0,3,3,1,1,1,0,defined,TRUE
2024-08-13_17-21-56-06-00_0003_100MEDIA_DSCF0756_JPG.rf.0c1065fa6d63f5bcc8a1b87b74e737f5.jpg,4,0,0,0,0,0,4,4,1,1,1,0,defined,TRUE
Acanthurus-chirurgus_22_jpeg.rf.275638961006b350288c2992359a82e6.jpg,1,0,0,0,0,0,1,1,1,1,1,0,defined,TRUE
Nicholsina-usta_20_jpeg.rf.cd45f005105b02e17ea9cfbdce11f93e.jpg,1,0,0,1,0,1,2,1,1,0.5,0.6666666666666666,0.5,defined,TRUE
2024-08-15_18-02-42-06-00_0004_101MEDIA_DSCF0723_JPG.rf.39a9133cf41b25f30b401381b8fc84ac.jpg,0,2,0,2,2,4,4,2,0,0,0,1,defined_zero_performance,TRUE
Acanthurus-chirurgus_38_jpeg.rf.c6e287da761bcac4f14904c1fec8cca1.jpg,1,0,0,0,0,0,1,1,1,1,1,0,defined,TRUE
2024-08-22_12-14-40-06-00_0003_104MEDIA_DSCF0984_JPG.rf.c2b22fa07cfaa7453e66f595b1c8523c.jpg,1,0,0,1,0,1,2,1,1,0.5,0.6666666666666666,0.5,defined,TRUE
Chromis-scotti_8_jpeg.rf.20b37a893efdfb1eec53c781944b5268.jpg,2,0,0,0,0,0,2,2,1,1,1,0,defined,TRUE
Seriola-zonata_7_jpeg.rf.29a66cf2a8975475c51bb9b49b674af6.jpg,0,0,0,0,0,0,0,0,NA,NA,NA,NA,precision_recall_f1_undefined_no_objects,FALSE
2024-08-17_17-29-26-06-00_0002_102MEDIA_DSCF0685_JPG.rf.69479a00ce51cce76bfd514d763604f5.jpg,4,2,0,0,2,2,6,6,0.6666666666666666,0.6666666666666666,0.6666666666666666,0.3333333333333333,defined,TRUE
Scarus-iseri_30_jpg.rf.8295e2756524c3d16da473962e1a6ae6.jpg,1,0,0,1,0,1,2,1,1,0.5,0.6666666666666666,0.5,defined,TRUE
Calamus-bajonado_29_jpg.rf.aed67bc9edf5254a17c0a7ace8a9b04e.jpg,1,0,0,0,0,0,1,1,1,1,1,0,defined,TRUE
Chaetodon-sedentarius_29_jpg.rf.0bd925caf1f7ecb756636ecd983f1eca.jpg,4,0,0,0,0,0,4,4,1,1,1,0,defined,TRUE
Sphyraena-barracuda_21_jpeg.rf.12544511faadd2b6c9337269c9995f78.jpg,1,0,2,1,2,1,2,3,0.3333333333333333,0.5,0.4,0.5,defined,TRUE
Scarus-iseri_57_jpeg.rf.a86847e96a70c31783ff783ced9360d7.jpg,1,0,0,1,0,1,2,1,1,0.5,0.6666666666666666,0.5,defined,TRUE
2024-08-16_06-05-46-06-00_0003_101MEDIA_DSCF0975_JPG.rf.96aa13beaab12516b9fb90d171eacf87.jpg,2,0,2,0,2,0,2,4,0.5,1,0.6666666666666666,0,defined,TRUE
Sparisoma-viride_34_jpeg.rf.7a86023a408268225484d01dc5eb7003.jpg,2,0,0,0,0,0,2,2,1,1,1,0,defined,TRUE
2024-08-14_06-43-40-06-00_0004_101MEDIA_DSCF0017_JPG.rf.082917b4a7eda1a6a34bd7fc98fb2590.jpg,16,0,2,3,2,3,19,18,0.8888888888888888,0.8421052631578947,0.8648648648648649,0.15789473684210525,defined,TRUE
Lutjanus-analis_49_jpeg.rf.fc869edd9d1b0ff72d0a96d6bab147c2.jpg,1,0,0,0,0,0,1,1,1,1,1,0,defined,TRUE
Sparisoma-chrysopterum_31_png.rf.3532f5d79666a10853eb3b2053ffe026.jpg,2,0,0,5,0,5,7,2,1,0.2857142857142857,0.4444444444444445,0.7142857142857143,defined,TRUE
2024-08-17_16-11-06-06-00_0003_102MEDIA_DSCF0660_JPG.rf.daab8de42bdd691e4e42a3ac081ca2fc.jpg,4,0,0,1,0,1,5,4,1,0.8,0.888888888888889,0.2,defined,TRUE
2024-08-18_08-46-50-06-00_0004_102MEDIA_DSCF0979_JPG.rf.663afc66ae187d61ca87ed0c0dd4661e.jpg,0,0,0,2,0,2,2,0,NA,0,0,1,defined_zero_performance,FALSE
Sphyraena-barracuda_13_jpeg.rf.a04eb5efeb3f4f07c0bf66938eb6a439.jpg,2,0,0,1,0,1,3,2,1,0.6666666666666666,0.8,0.3333333333333333,defined,TRUE
Urobatis-jamaicensis_51_jpeg.rf.9659bd25f93fba0aa26a5b997316e9d8.jpg,3,0,0,1,0,1,4,3,1,0.75,0.8571428571428571,0.25,defined,TRUE
2024-08-28_08-30-24-06-00_0004_100MEDIA_DSCF0208_JPG.rf.1c9d0c37b4b93482a0294a9c2f131a26.jpg,0,2,0,0,2,2,2,2,0,0,0,1,defined_zero_performance,TRUE
Chaetodon-striatus_24_png.rf.2768b4672c994e003563809a04a9b95f.jpg,5,0,0,0,0,0,5,5,1,1,1,0,defined,TRUE
Seriola-zonata_27_png.rf.c6b3cb9cf8b4d445214f58f91e1c1468.jpg,0,0,0,0,0,0,0,0,NA,NA,NA,NA,precision_recall_f1_undefined_no_objects,FALSE
2024-09-04_06-37-02-06-00_0002_103MEDIA_DSCF0728_JPG.rf.a67ee812e512bcdde371636edcb5f5da.jpg,3,0,0,2,0,2,5,3,1,0.6,0.7499999999999999,0.4,defined,TRUE
2025-09-11_14-56-56-06-00_0005_107MEDIA_DSCF0564_JPG.rf.0ee2b4b671d2d4e8633828b9b0daa09a.jpg,0,2,0,0,2,2,2,2,0,0,0,1,defined_zero_performance,TRUE
Kyphosus-vaigiensis_43_jpg.rf.026daba6f4cc86cdf27671c33e2f2a95.jpg,4,0,0,0,0,0,4,4,1,1,1,0,defined,TRUE
2024-08-17_17-01-50-06-00_0003_102MEDIA_DSCF0677_JPG.rf.2bd951c57e685f0a1b007c1fefe80094.jpg,3,0,0,1,0,1,4,3,1,0.75,0.8571428571428571,0.25,defined,TRUE
Mycteroperca-bonaci_48_jpg.rf.baba94040bd5dc54d4a2106d860d803e.jpg,1,0,0,0,0,0,1,1,1,1,1,0,defined,TRUE
Lachnolaimus-maximus_8_jpeg.rf.8a7e883f17de18d4abfe05c71939dcd9.jpg,6,0,0,0,0,0,6,6,1,1,1,0,defined,TRUE
Mycteroperca-bonaci_12_jpg.rf.1b22b1b98fab1f9b34fe2b101abeba1b.jpg,2,0,0,0,0,0,2,2,1,1,1,0,defined,TRUE
2025-09-20_16-34-32-06-00_0003_111MEDIA_DSCF0921_JPG.rf.25cce71dc4ab1a0e9a8e65223790c959.jpg,0,0,0,3,0,3,3,0,NA,0,0,1,defined_zero_performance,FALSE
Scarus-vetula_45_jpg.rf.c566856fb961d8068e6cc4b6de6cb493.jpg,1,0,0,3,0,3,4,1,1,0.25,0.4,0.75,defined,TRUE
Chaetodon-capistratus_22_jpg.rf.7d64cad6abeabb1306ec7b51b2be5aa3.jpg,1,0,0,0,0,0,1,1,1,1,1,0,defined,TRUE
Kyphosus-vaigiensis_50_jpg.rf.88f8ba59b2bb288098aff81888833715.jpg,2,0,0,1,0,1,3,2,1,0.6666666666666666,0.8,0.3333333333333333,defined,TRUE
Acanthurus-chirurgus_5_jpg.rf.b79d5e909ab0de75c309b810250a3923.jpg,0,0,0,1,0,1,1,0,NA,0,0,1,defined_zero_performance,FALSE
2024-08-14_14-44-26-06-00_0002_101MEDIA_DSCF0186_JPG.rf.f155ba310cc24fba20ba9abbb4e2b8d8.jpg,18,0,13,0,13,0,18,31,0.5806451612903226,1,0.7346938775510204,0,defined,TRUE
Chaetodon-capistratus_37_jpeg.rf.1e2acd862f50e9d5ebe277d736c5b78f.jpg,1,0,0,0,0,0,1,1,1,1,1,0,defined,TRUE
2024-08-19_09-32-06-06-00_0005_103MEDIA_DSCF0435_JPG.rf.264abef273148749811cc193f91a1590.jpg,0,0,1,2,1,2,2,1,0,0,0,1,defined_zero_performance,TRUE
Chromis-scotti_1_jpeg.rf.86d49acecf62c63ffef63fc4e291b82a.jpg,2,0,0,1,0,1,3,2,1,0.6666666666666666,0.8,0.3333333333333333,defined,TRUE
Scarus-vetula_22_jpg.rf.304b55ac114afc71e1e7e88010a5de08.jpg,2,0,0,1,0,1,3,2,1,0.6666666666666666,0.8,0.3333333333333333,defined,TRUE
2024-08-14_16-06-08-06-00_0003_101MEDIA_DSCF0214_JPG.rf.94b4ec34c0c14c9ed6631a639f40f615.jpg,2,0,0,0,0,0,2,2,1,1,1,0,defined,TRUE
2024-08-14_14-50-26-06-00_0002_101MEDIA_DSCF0188_JPG.rf.3c6210dad18f27de2638378ec04c4893.jpg,2,0,4,0,4,0,2,6,0.3333333333333333,1,0.5,0,defined,TRUE
Cephalopholis-cruentata_9_jpg.rf.7b84da960de0ece84ce53a8a06ab1d3e.jpg,1,0,0,1,0,1,2,1,1,0.5,0.6666666666666666,0.5,defined,TRUE
2024-08-13_11-34-12-06-00_0004_100MEDIA_DSCF0634_JPG.rf.4f8857d65dde5ea689920e16c358a644.jpg,12,0,1,6,1,6,18,13,0.9230769230769231,0.6666666666666666,0.7741935483870968,0.3333333333333333,defined,TRUE
Nicholsina-usta_53_jpeg.rf.fc0465bd7fb995ad2ca2c4d803553b41.jpg,0,0,0,1,0,1,1,0,NA,0,0,1,defined_zero_performance,FALSE
2024-08-13_11-22-34-06-00_0001_100MEDIA_DSCF0642_JPG.rf.8dfe23e839e4da0b86f394e4cf56a3f5.jpg,2,0,0,0,0,0,2,2,1,1,1,0,defined,TRUE
Sparisoma-chrysopterum_15_png.rf.1951167be350e6d1d4ff05f145d5418a.jpg,2,0,0,0,0,0,2,2,1,1,1,0,defined,TRUE
2025-09-19_14-22-56-06-00_0003_111MEDIA_DSCF0398_JPG.rf.fec88450887123cb1ebbddeed48dcf44.jpg,6,0,0,2,0,2,8,6,1,0.75,0.8571428571428571,0.25,defined,TRUE
2024-08-13_12-32-40-06-00_0002_100MEDIA_DSCF0660_JPG.rf.47981c872415920a43db3aa81883c0cc.jpg,2,0,4,0,4,0,2,6,0.3333333333333333,1,0.5,0,defined,TRUE
2025-09-11_10-34-38-06-00_0003_107MEDIA_DSCF0473_JPG.rf.a8f2a68ef10526cc3db1a37a16979e26.jpg,2,0,0,0,0,0,2,2,1,1,1,0,defined,TRUE
Urobatis-jamaicensis_28_jpeg.rf.182121b40c0c0970934c3dda12ec385a.jpg,0,1,0,1,1,2,2,1,0,0,0,1,defined_zero_performance,TRUE
Lutjanus-analis_2_jpg.rf.ce6d1b577dedc076536f082e4bfb8e1e.jpg,3,0,0,0,0,0,3,3,1,1,1,0,defined,TRUE
Cephalopholis-cruentata_11_jpeg.rf.ed483dc0fd8bdf032b9d5fa8932dd303.jpg,1,0,0,4,0,4,5,1,1,0.2,0.33333333333333337,0.8,defined,TRUE
Scarus-iseri_24_jpeg.rf.32240aa5423ff9bc9b31017af1223ccb.jpg,2,0,0,1,0,1,3,2,1,0.6666666666666666,0.8,0.3333333333333333,defined,TRUE
Haemulon-flavolineatum_35_jpeg.rf.28d1b4cf008b05d3e2991cade8d777e8.jpg,2,0,0,0,0,0,2,2,1,1,1,0,defined,TRUE
Scarus-guacamaia_22_jpg.rf.960ea0356496866ad85cabd87f0132b1.jpg,1,1,0,1,1,2,3,2,0.5,0.3333333333333333,0.4,0.6666666666666666,defined,TRUE
Urobatis-jamaicensis_13_jpeg.rf.416eaf63d47e046576f044cfd62ebdac.jpg,0,0,1,3,1,3,3,1,0,0,0,1,defined_zero_performance,TRUE
2025-09-09_15-50-50-06-00_0003_106MEDIA_DSCF0616_JPG.rf.f4568a73c2921c4831c96464f9af3a40.jpg,0,0,0,2,0,2,2,0,NA,0,0,1,defined_zero_performance,FALSE
Azurina-cyanea_4_jpg.rf.d6d30cb970d42fa5e5b17127b11cf42b.jpg,1,0,0,0,0,0,1,1,1,1,1,0,defined,TRUE
Chaetodon-capistratus_7_jpeg.rf.fe2e5012e6d1f283c6a8407796f63d99.jpg,1,0,0,0,0,0,1,1,1,1,1,0,defined,TRUE
Acanthurus-coeruleus_7_jpg.rf.5f6526757eeb65250f3bd7539d47d391.jpg,3,0,0,0,0,0,3,3,1,1,1,0,defined,TRUE
Chaetodon-capistratus_46_jpeg.rf.7ee8b6fe0ca1edafea9ca450eba105e8.jpg,1,0,0,2,0,2,3,1,1,0.3333333333333333,0.5,0.6666666666666666,defined,TRUE
2024-08-15_07-01-18-06-00_0001_101MEDIA_DSCF0518_JPG.rf.528b0b595049ecfa1ed3adc7a8a8fa61.jpg,0,2,0,4,2,6,6,2,0,0,0,1,defined_zero_performance,TRUE
Chaetodon-striatus_30_jpg.rf.4f8ff9842bdb754f6648a3f648bdf589.jpg,1,0,0,0,0,0,1,1,1,1,1,0,defined,TRUE
Sphyraena-barracuda_17_jpeg.rf.8bd6c1804c80b9f42abaa41c0b07401a.jpg,2,0,1,1,1,1,3,3,0.6666666666666666,0.6666666666666666,0.6666666666666666,0.3333333333333333,defined,TRUE
2024-08-24_17-36-02-06-00_0003_106MEDIA_DSCF0053_JPG.rf.845c4dbcb48be487d306107bff7d5044.jpg,0,0,2,2,2,2,2,2,0,0,0,1,defined_zero_performance,TRUE
2025-08-29_17-41-26-06-00_0002_101MEDIA_DSCF0369_JPG.rf.2c55e7ec4d5dfe2637097a105f6ed30d.jpg,0,1,0,1,1,2,2,1,0,0,0,1,defined_zero_performance,TRUE
Scarus-guacamaia_17_jpg.rf.1d90e9f207398b5680ba14748b61ca35.jpg,1,0,0,2,0,2,3,1,1,0.3333333333333333,0.5,0.6666666666666666,defined,TRUE
Chromis-scotti_55_jpg.rf.8576057d43952e1cf8ce9d70deec7b2e.jpg,4,0,0,0,0,0,4,4,1,1,1,0,defined,TRUE
Chaetodon-sedentarius_4_jpeg.rf.78a1b11a287beef682647c8d945623b3.jpg,0,0,0,1,0,1,1,0,NA,0,0,1,defined_zero_performance,FALSE
Canthigaster-rostrata_32_jpeg.rf.e1e15071263889033c2186b13f57daaf.jpg,0,0,0,0,0,0,0,0,NA,NA,NA,NA,precision_recall_f1_undefined_no_objects,FALSE
Epinephelus-morio_18_jpg.rf.d2906b6acfa98a5d86d18dd5d78df162.jpg,4,0,0,0,0,0,4,4,1,1,1,0,defined,TRUE
Scarus-vetula_5_jpg.rf.ae1018e7a26de80d5977521eb14ba7d2.jpg,1,0,0,0,0,0,1,1,1,1,1,0,defined,TRUE
Chaetodon-capistratus_38_jpg.rf.521fd91ed109183fe252cb2c214dc9fa.jpg,3,0,0,0,0,0,3,3,1,1,1,0,defined,TRUE
Scarus-vetula_30_jpeg.rf.d770fa86590af346931692f1b4b330f8.jpg,0,2,0,0,2,2,2,2,0,0,0,1,defined_zero_performance,TRUE
Canthigaster-rostrata_45_jpg.rf.b1ed911c46dac2b432cea9ef2ce36de7.jpg,0,0,0,0,0,0,0,0,NA,NA,NA,NA,precision_recall_f1_undefined_no_objects,FALSE
2025-09-14_10-55-38-06-00_0003_108MEDIA_DSCF0922_JPG.rf.acb5d8bfa41a8ab06b541e5dc814e4bb.jpg,4,0,0,0,0,0,4,4,1,1,1,0,defined,TRUE
Sparisoma-aurofrenatum_50_jpeg.rf.01a354eadafa43e014231167f64c0302.jpg,1,0,0,0,0,0,1,1,1,1,1,0,defined,TRUE
Scarus-guacamaia_10_jpg.rf.2cfa1ee28722732d7c7ba8419d079f24.jpg,1,0,0,0,0,0,1,1,1,1,1,0,defined,TRUE
2024-08-19_14-13-58-06-00_0004_103MEDIA_DSCF0570_JPG.rf.4a7c8af100f886b5219c0bcedb9f2094.jpg,0,0,0,2,0,2,2,0,NA,0,0,1,defined_zero_performance,FALSE
Acanthurus-coeruleus_25_jpg.rf.7f759c458cef4e92ee2af8771335092b.jpg,3,0,0,1,0,1,4,3,1,0.75,0.8571428571428571,0.25,defined,TRUE
Chaetodon-sedentarius_7_jpg.rf.fc63ef0d4814f08f9ba836e92cd403db.jpg,0,1,0,0,1,1,1,1,0,0,0,1,defined_zero_performance,TRUE
2024-08-20_17-55-44-06-00_0003_104MEDIA_DSCF0138_JPG.rf.bd1e8e646f9df9fcc39cfe9a7bb8040e.jpg,2,0,0,0,0,0,2,2,1,1,1,0,defined,TRUE
Chaetodon-sedentarius_8_jpg.rf.9da9477e8d977c43922caea6e1f2cf2f.jpg,3,0,0,0,0,0,3,3,1,1,1,0,defined,TRUE
Canthigaster-rostrata_49_jpeg.rf.fe052c24fc459ecf330d46ed1488481d.jpg,0,0,0,0,0,0,0,0,NA,NA,NA,NA,precision_recall_f1_undefined_no_objects,FALSE
2024-08-18_11-47-24-06-00_0001_103MEDIA_DSCF0060_JPG.rf.552ef4b7a4e6a9e129b517889501e3b2.jpg,2,0,0,0,0,0,2,2,1,1,1,0,defined,TRUE
Halichoeres-bivittatus_4_jpg.rf.4a5d8f3f1f9c2343bd4683ec52e8dc85.jpg,1,0,0,0,0,0,1,1,1,1,1,0,defined,TRUE
Bodianus-rufus_34_jpg.rf.09951e37f0565851c08e08fc90cbd997.jpg,0,3,0,5,3,8,8,3,0,0,0,1,defined_zero_performance,TRUE
2024-08-19_14-07-58-06-00_0004_103MEDIA_DSCF0568_JPG.rf.409b7762dbcbfce8cdbb895dc9bddd1f.jpg,4,0,0,0,0,0,4,4,1,1,1,0,defined,TRUE
Scarus-coelestinus_57_png.rf.4a1e3635b1b459df0b8c1a7dd509b302.jpg,2,0,0,0,0,0,2,2,1,1,1,0,defined,TRUE
Scarus-vetula_18_jpeg.rf.82d15c81ab1b4c5c534b7cbbb73204c1.jpg,0,1,1,0,2,1,1,2,0,0,0,1,defined_zero_performance,TRUE
Sparisoma-viride_23_jpg.rf.9fa4ee33dd2de6b6cbcfba3c1fc934d0.jpg,2,0,1,0,1,0,2,3,0.6666666666666666,1,0.8,0,defined,TRUE
Rhomboplites-aurorubens_20_jpg.rf.8c22a0b390e0578aee326769b19456c0.jpg,1,0,0,2,0,2,3,1,1,0.3333333333333333,0.5,0.6666666666666666,defined,TRUE
Urobatis-jamaicensis_31_png.rf.ccc8f264c6407745d9a03df30acd029c.jpg,1,0,0,0,0,0,1,1,1,1,1,0,defined,TRUE
Sparisoma-chrysopterum_34_jpg.rf.7af02947844544048e6fffc7750e2999.jpg,2,0,0,1,0,1,3,2,1,0.6666666666666666,0.8,0.3333333333333333,defined,TRUE
2025-09-07_16-21-50-06-00_0002_105MEDIA_DSCF0681_JPG.rf.181c0285307f10180ea2d301d1f2cb67.jpg,4,0,1,1,1,1,5,5,0.8,0.8,0.8000000000000002,0.2,defined,TRUE
Scarus-iseri_4_jpeg.rf.61467b9887a63b6dcc9b2336fa2c56a8.jpg,1,0,0,0,0,0,1,1,1,1,1,0,defined,TRUE
Bodianus-rufus_27_jpeg.rf.68457c54119eb2638457e353eb541b1d.jpg,3,0,0,0,0,0,3,3,1,1,1,0,defined,TRUE
Scarus-vetula_2_jpg.rf.ed8efbff9dec098442b0dd42bb7e872e.jpg,1,0,0,1,0,1,2,1,1,0.5,0.6666666666666666,0.5,defined,TRUE
2024-09-02_14-40-44-06-00_0005_102MEDIA_DSCF0736_JPG.rf.80ddd26b2c6008eda41c09baa2a0a6a1.jpg,3,0,4,3,4,3,6,7,0.42857142857142855,0.5,0.4615384615384615,0.5,defined,TRUE
Scarus-vetula_36_jpg.rf.2c8e3b9cd4ab0fa74d55525f6e0ab33b.jpg,0,2,0,0,2,2,2,2,0,0,0,1,defined_zero_performance,TRUE
Canthigaster-rostrata_34_jpeg.rf.37b5c2261f6eb59096f2b51fa9de6e67.jpg,0,0,0,0,0,0,0,0,NA,NA,NA,NA,precision_recall_f1_undefined_no_objects,FALSE
2025-09-20_16-37-32-06-00_0003_111MEDIA_DSCF0922_JPG.rf.c84cd0db8ff14090d84663b213e4a571.jpg,0,0,0,3,0,3,3,0,NA,0,0,1,defined_zero_performance,FALSE
Scarus-coelestinus_42_jpeg.rf.0bcd5d25d49b249363d5652e50db7549.jpg,3,0,0,0,0,0,3,3,1,1,1,0,defined,TRUE
2024-08-12_17-12-26-06-00_0003_100MEDIA_DSCF0271_JPG.rf.13946bb06e7f4cea2c41493c61d61ae6.jpg,2,0,2,1,2,1,3,4,0.5,0.6666666666666666,0.5714285714285715,0.3333333333333333,defined,TRUE
Chaetodon-capistratus_30_jpeg.rf.57c0485a035123849134ca5d50f11e0a.jpg,1,0,1,0,1,0,1,2,0.5,1,0.6666666666666666,0,defined,TRUE
Bodianus-rufus_29_jpeg.rf.fc16eeff4334cc6e38f18cd0e9540053.jpg,1,0,0,4,0,4,5,1,1,0.2,0.33333333333333337,0.8,defined,TRUE
Nicholsina-usta_6_jpeg.rf.9276f737b5f91cc4d7c2dc0364b99171.jpg,1,0,1,3,1,3,4,2,0.5,0.25,0.3333333333333333,0.75,defined,TRUE
Azurina-cyanea_12_jpg.rf.5cd43481f9503a9a3a2d5063d2d1823b.jpg,2,0,0,0,0,0,2,2,1,1,1,0,defined,TRUE
Sparisoma-chrysopterum_56_jpg.rf.919ad752612879a9781085e1cfbad0b9.jpg,0,0,0,2,0,2,2,0,NA,0,0,1,defined_zero_performance,FALSE
Bodianus-rufus_2_jpeg.rf.78c5114c40b707764e92b8b6dbb3946a.jpg,1,0,1,0,1,0,1,2,0.5,1,0.6666666666666666,0,defined,TRUE
Sparisoma-viride_10_jpg.rf.3fb8cce96e5e220ad46385f18d92f59a.jpg,1,0,0,0,0,0,1,1,1,1,1,0,defined,TRUE
2024-08-14_11-13-48-06-00_0004_101MEDIA_DSCF0107_JPG.rf.ad38e9858c3b37f33554bd9c95518fe2.jpg,4,0,0,6,0,6,10,4,1,0.4,0.5714285714285715,0.6,defined,TRUE
Diodon-holocanthus_30_jpg.rf.dc0e2e7c5da586e05ba098f1fee8c7f6.jpg,2,0,0,2,0,2,4,2,1,0.5,0.6666666666666666,0.5,defined,TRUE
2025-09-20_10-05-02-06-00_0003_111MEDIA_DSCF0792_JPG.rf.cc71aeb6bd3eb84ef0350f35dba9d3e4.jpg,2,0,2,0,2,0,2,4,0.5,1,0.6666666666666666,0,defined,TRUE
Sparisoma-viride_27_jpeg.rf.08702c12e4073b28122ec8eb9ebd734e.jpg,0,0,0,2,0,2,2,0,NA,0,0,1,defined_zero_performance,FALSE
2024-08-12_17-06-28-06-00_0003_100MEDIA_DSCF0269_JPG.rf.2020ff9ce14bf382712c1929a4ca9e49.jpg,2,0,0,0,0,0,2,2,1,1,1,0,defined,TRUE
2024-08-15_11-16-22-06-00_0003_101MEDIA_DSCF0598_JPG.rf.518e12986dab4cd1350b83e71a758b44.jpg,0,0,0,3,0,3,3,0,NA,0,0,1,defined_zero_performance,FALSE
Nicholsina-usta_43_jpeg.rf.4d23fd0cb2ab3b7d81de36207ee6a86e.jpg,1,0,0,0,0,0,1,1,1,1,1,0,defined,TRUE
Acanthurus-coeruleus_16_jpg.rf.d0da9fe6c708b555f9a72aa17a5fe672.jpg,0,1,0,0,1,1,1,1,0,0,0,1,defined_zero_performance,TRUE
2024-08-12_16-50-40-06-00_0002_100MEDIA_DSCF0265_JPG.rf.e6eb9f2082486d26e21b448703670448.jpg,0,0,0,2,0,2,2,0,NA,0,0,1,defined_zero_performance,FALSE
2024-08-16_09-38-38-06-00_0004_102MEDIA_DSCF0036_JPG.rf.149a38c376436c9e8d1296f1b90a9022.jpg,4,0,2,2,2,2,6,6,0.6666666666666666,0.6666666666666666,0.6666666666666666,0.3333333333333333,defined,TRUE
Sparisoma-viride_ip_24_jpeg.rf.5fad46a75302c83a1f59c317ba4723ea.jpg,2,0,1,1,1,1,3,3,0.6666666666666666,0.6666666666666666,0.6666666666666666,0.3333333333333333,defined,TRUE
Pomacanthus-arcuatus_3_jpg.rf.5569f985a1a0574c4437be59ed0e530e.jpg,2,0,0,0,0,0,2,2,1,1,1,0,defined,TRUE
Rhomboplites-aurorubens_5_jpg.rf.b040d5e4743e5faa5a262179e69e175e.jpg,3,0,0,2,0,2,5,3,1,0.6,0.7499999999999999,0.4,defined,TRUE
Acanthurus-chirurgus_37_jpg.rf.55f0e3694882b7d6e1b1225bd491f7df.jpg,0,0,0,3,0,3,3,0,NA,0,0,1,defined_zero_performance,FALSE
2024-08-16_10-21-02-06-00_0005_102MEDIA_DSCF0005_JPG.rf.89a4458a7876d4b035b85a5d020edf29.jpg,0,2,2,2,4,4,4,4,0,0,0,1,defined_zero_performance,TRUE
2024-08-30_13-38-32-06-00_0003_101MEDIA_DSCF0488_JPG.rf.69e6e408fcb7b8ce98fbea1bd9965224.jpg,2,0,6,2,6,2,4,8,0.25,0.5,0.3333333333333333,0.5,defined,TRUE
2024-08-16_12-10-14-06-00_0003_102MEDIA_DSCF0098_JPG.rf.18f6bb8a39f141975199f2a241469c9c.jpg,6,0,0,0,0,0,6,6,1,1,1,0,defined,TRUE
Haemulon-flavolineatum_40_jpeg.rf.03b1b8e3164c8ada15b062981ef1c943.jpg,2,0,0,2,0,2,4,2,1,0.5,0.6666666666666666,0.5,defined,TRUE
Acanthurus-tractus_20_jpeg.rf.58303aa345adbc7833713f61b88862c5.jpg,0,0,0,0,0,0,0,0,NA,NA,NA,NA,precision_recall_f1_undefined_no_objects,FALSE
2024-08-16_10-26-40-06-00_0004_102MEDIA_DSCF0052_JPG.rf.24feb0100195831230ffb8d9c0c6d580.jpg,18,0,2,6,2,6,24,20,0.9,0.75,0.8181818181818182,0.25,defined,TRUE
Chromis-scotti_39_jpg.rf.259f5ee74353f1bf728d69c364f77b92.jpg,3,0,0,0,0,0,3,3,1,1,1,0,defined,TRUE
Haemulon-sciurus_46_jpg.rf.f6d1a9549e480ad65813c729cd068826.jpg,0,0,0,3,0,3,3,0,NA,0,0,1,defined_zero_performance,FALSE
2024-08-21_10-10-20-06-00_0004_104MEDIA_DSCF0452_JPG.rf.5d1065fb79e7939b5b10871793864430.jpg,1,0,0,1,0,1,2,1,1,0.5,0.6666666666666666,0.5,defined,TRUE
Haemulon-sciurus_45_jpeg.rf.c2cae11d46c34f3d02fe7f8cb0987fa8.jpg,3,0,0,0,0,0,3,3,1,1,1,0,defined,TRUE
Chaetodon-sedentarius_12_jpeg.rf.bfa222bda8488fccb85f3c7613b0527f.jpg,0,0,2,1,2,1,1,2,0,0,0,1,defined_zero_performance,TRUE
Calamus-bajonado_40_jpeg.rf.ddfc0c2d902d9eaf9f4616e80d1e83f1.jpg,1,0,0,0,0,0,1,1,1,1,1,0,defined,TRUE
Chromis-scotti_10_jpeg.rf.26afe66cfcdb593fe80e4ce0c5a7035f.jpg,2,0,0,0,0,0,2,2,1,1,1,0,defined,TRUE
Sparisoma-aurofrenatum_27_jpeg.rf.1b89ce07e3f9ddbd6fbd625920cbb5bb.jpg,0,2,2,0,4,2,2,4,0,0,0,1,defined_zero_performance,TRUE
Cephalopholis-fulva_1_jpg.rf.5fab28a06585e0ee7474fb6d841d0a8f.jpg,0,0,1,0,1,0,0,1,0,NA,NA,NA,recall_and_f1_undefined_no_ground_truth,TRUE
Seriola-zonata_26_png.rf.619a07eb6c6cebaa7eb1e4decb317244.jpg,0,0,0,0,0,0,0,0,NA,NA,NA,NA,precision_recall_f1_undefined_no_objects,FALSE
Mycteroperca-bonaci_50_jpg.rf.8012cc18df8224a92cb7c819d1eb0956.jpg,2,0,0,0,0,0,2,2,1,1,1,0,defined,TRUE
2024-08-13_06-48-04-06-00_0003_100MEDIA_DSCF0543_JPG.rf.199e2c79ded20f9d15a8db89f8853986.jpg,19,0,3,2,3,2,21,22,0.8636363636363636,0.9047619047619048,0.8837209302325582,0.09523809523809523,defined,TRUE
2024-08-25_07-09-26-06-00_0004_106MEDIA_DSCF0320_JPG.rf.8707b4bd774168fc09b5e4fab175ee29.jpg,2,0,0,8,0,8,10,2,1,0.2,0.33333333333333337,0.8,defined,TRUE
Haemulon-flavolineatum_14_jpg.rf.726b4f472ece724c4708300fc7da9c28.jpg,1,0,0,1,0,1,2,1,1,0.5,0.6666666666666666,0.5,defined,TRUE
Chaetodon-sedentarius_16_jpg.rf.81ca34a6762a3fd4a7d3e6d8e13371b2.jpg,2,0,0,0,0,0,2,2,1,1,1,0,defined,TRUE
2025-09-16_07-45-06-06-00_0005_109MEDIA_DSCF0826_JPG.rf.60a53ec93f2ef61e72acbf19a93cbee6.jpg,2,0,0,0,0,0,2,2,1,1,1,0,defined,TRUE
Chaetodon-capistratus_8_png.rf.205dccd6b6c37a1130f7670af83285ba.jpg,2,0,0,0,0,0,2,2,1,1,1,0,defined,TRUE
Lutjanus-jocu_35_jpg.rf.0ecc9317a8cf696d2266c402eab2522d.jpg,3,0,0,0,0,0,3,3,1,1,1,0,defined,TRUE
Nicholsina-usta_3_jpg.rf.93676c5a9e72d18da7a517b483860833.jpg,0,0,0,2,0,2,2,0,NA,0,0,1,defined_zero_performance,FALSE
2024-08-26_11-39-26-06-00_0005_106MEDIA_DSCF0848_JPG.rf.2bf7aafce67d6936959303b96d03273d.jpg,2,0,0,0,0,0,2,2,1,1,1,0,defined,TRUE
Calamus-bajonado_19_jpeg.rf.0450815d9fe2585d3fa838c6056afecb.jpg,3,0,0,0,0,0,3,3,1,1,1,0,defined,TRUE
2025-08-27_10-49-00-06-00_0003_100MEDIA_DSCF0264_JPG.rf.81302d08c9427e720b31fd784768c1a7.jpg,0,0,0,2,0,2,2,0,NA,0,0,1,defined_zero_performance,FALSE
2024-08-13_14-49-20-06-00_0001_100MEDIA_DSCF0711_JPG.rf.5049f591b49ab7f381bfdcf703a78750.jpg,6,0,0,0,0,0,6,6,1,1,1,0,defined,TRUE
2024-08-15_10-32-26-06-00_0004_101MEDIA_DSCF0573_JPG.rf.cf6e44fc753dce0dd961efd3642a1f29.jpg,4,0,0,0,0,0,4,4,1,1,1,0,defined,TRUE
Diodon-hystrix_50_jpg.rf.0e86fbe2e4384a994511a3cd48e41007.jpg,2,0,0,0,0,0,2,2,1,1,1,0,defined,TRUE
Cephalopholis-cruentata_21_jpeg.rf.bbeff014a51da54fbdd97a672fb2c4ac.jpg,3,0,0,0,0,0,3,3,1,1,1,0,defined,TRUE
Scarus-guacamaia_46_jpg.rf.8dd5224e6e91d7afcc33a2b1fe6f3353.jpg,2,0,0,0,0,0,2,2,1,1,1,0,defined,TRUE
Lutjanus-analis_16_jpg.rf.c5bc1488ff49b236513addfa0d9490ce.jpg,1,0,0,0,0,0,1,1,1,1,1,0,defined,TRUE
Lutjanus-jocu_jpeg.rf.45cf686c4dc695fb5173e964ac76bfdd.jpg,1,0,0,0,0,0,1,1,1,1,1,0,defined,TRUE
Rhomboplites-aurorubens_27_jpg.rf.7460a0b95275b10c75c4e370fb244af9.jpg,1,0,0,0,0,0,1,1,1,1,1,0,defined,TRUE
Azurina-cyanea_45_jpeg.rf.d22cc6941df36e7045a295d23976dcbc.jpg,2,0,1,1,1,1,3,3,0.6666666666666666,0.6666666666666666,0.6666666666666666,0.3333333333333333,defined,TRUE
2025-09-07_16-30-32-06-00_0003_105MEDIA_DSCF0667_JPG.rf.c0505f951ff8921cd22b8d1267075352.jpg,4,0,2,0,2,0,4,6,0.6666666666666666,1,0.8,0,defined,TRUE
Diodon-holocanthus_42_jpg.rf.94a02654dcbbaa344f0841f54de661c1.jpg,7,0,4,3,4,3,10,11,0.6363636363636364,0.7,0.6666666666666666,0.3,defined,TRUE
2024-08-13_14-25-46-06-00_0003_100MEDIA_DSCF0697_JPG.rf.a415caab209d034720fd87a1ea46b748.jpg,6,0,2,0,2,0,6,8,0.75,1,0.8571428571428571,0,defined,TRUE
Lachnolaimus-maximus_16_png.rf.b099d5b23becb263b98ea5a7982980b6.jpg,1,0,0,3,0,3,4,1,1,0.25,0.4,0.75,defined,TRUE
2024-08-13_14-25-18-06-00_0004_100MEDIA_DSCF0691_JPG.rf.12f41264b50e5163ea37305cf36742f0.jpg,7,0,0,3,0,3,10,7,1,0.7,0.8235294117647058,0.3,defined,TRUE
Acanthurus-tractus_28_jpg.rf.93a0b5a88429118d3a9390e7185fa10f.jpg,0,0,1,0,1,0,0,1,0,NA,NA,NA,recall_and_f1_undefined_no_ground_truth,TRUE
Chaetodon-capistratus_40_jpg.rf.009f45be2843b234abccef70f639b5ae.jpg,1,0,0,1,0,1,2,1,1,0.5,0.6666666666666666,0.5,defined,TRUE
Scarus-coelestinus_40_jpeg.rf.dbd33b1e96fd1b6c8faa736431b6b4f0.jpg,2,1,0,1,1,2,4,3,0.6666666666666666,0.5,0.5714285714285715,0.5,defined,TRUE
Cephalopholis-cruentata_23_jpg.rf.05c5d02854afe511089213164ae3d951.jpg,2,0,0,0,0,0,2,2,1,1,1,0,defined,TRUE
Pomacanthus-paru_30_jpg.rf.56e3f720d1793680224d82de70da8d4b.jpg,1,0,0,0,0,0,1,1,1,1,1,0,defined,TRUE
Calamus-bajonado_46_jpg.rf.c26dda9d9b174dc12d248767811a4788.jpg,3,0,0,1,0,1,4,3,1,0.75,0.8571428571428571,0.25,defined,TRUE
2025-09-08_14-18-44-06-00_0003_106MEDIA_DSCF0105_JPG.rf.7303ae54c9db9bb600b3bc7cc292efea.jpg,2,0,0,0,0,0,2,2,1,1,1,0,defined,TRUE
Sparisoma-aurofrenatum_36_jpg.rf.f3471e1c6c3234a8e293e9ab5a5f352b.jpg,2,0,0,0,0,0,2,2,1,1,1,0,defined,TRUE
Diodon-hystrix_18_png.rf.4cd6958cb52aa2177d53f69f9eeee156.jpg,1,0,0,0,0,0,1,1,1,1,1,0,defined,TRUE
Acanthurus-coeruleus_42_jpeg.rf.f537a0c7415b1ae78122d8404723f6ee.jpg,2,0,1,1,1,1,3,3,0.6666666666666666,0.6666666666666666,0.6666666666666666,0.3333333333333333,defined,TRUE
Cephalopholis-cruentata_40_jpg.rf.644b00fabd0b4a4280a453d357f5c06d.jpg,1,0,0,0,0,0,1,1,1,1,1,0,defined,TRUE
2024-08-15_16-33-08-06-00_0003_101MEDIA_DSCF0704_JPG.rf.62ede2ae12130730ca45ec5b49b3e257.jpg,2,0,0,0,0,0,2,2,1,1,1,0,defined,TRUE
Lachnolaimus-maximus_40_jpg.rf.8fc7811a2dd680421161170a6f5975e4.jpg,2,0,0,2,0,2,4,2,1,0.5,0.6666666666666666,0.5,defined,TRUE
Haemulon-sciurus_29_jpg.rf.218e259ced30c672a4c262ee86c22cf0.jpg,1,0,0,0,0,0,1,1,1,1,1,0,defined,TRUE
Diodon-hystrix_40_jpg.rf.3c14b1d539f7cee1bac816c88019813f.jpg,2,0,0,0,0,0,2,2,1,1,1,0,defined,TRUE
Lutjanus-jocu_27_jpeg.rf.dbc630c5b50b770145a63bbd76df9733.jpg,1,0,0,0,0,0,1,1,1,1,1,0,defined,TRUE
Acanthurus-coeruleus_39_jpeg.rf.7937020dc93f69ce9767fae99fd4b771.jpg,4,0,0,0,0,0,4,4,1,1,1,0,defined,TRUE
Haemulon-flavolineatum_13_jpeg.rf.81cb7a85d004611594da4325a6f3f930.jpg,10,0,0,5,0,5,15,10,1,0.6666666666666666,0.8,0.3333333333333333,defined,TRUE
2024-08-18_13-50-02-06-00_0003_103MEDIA_DSCF0094_JPG.rf.edc62511f40bb28fa0e103a381bb5a81.jpg,0,1,0,3,1,4,4,1,0,0,0,1,defined_zero_performance,TRUE
Lachnolaimus-maximus_6_jpeg.rf.55d0ec22d1376a80ec3270d8e71f2362.jpg,2,0,2,3,2,3,5,4,0.5,0.4,0.4444444444444445,0.6,defined,TRUE
Urobatis-jamaicensis_16_jpg.rf.13cfc429d39eac813300d81ad3a74055.jpg,2,0,0,0,0,0,2,2,1,1,1,0,defined,TRUE
Sparisoma-viride_38_jpeg.rf.3bbf5b6b0d860976d950303809d39a3c.jpg,1,0,0,1,0,1,2,1,1,0.5,0.6666666666666666,0.5,defined,TRUE
Scarus-coelestinus_60_jpeg.rf.74f22ea3efc27715125e4b617019fa28.jpg,2,0,0,1,0,1,3,2,1,0.6666666666666666,0.8,0.3333333333333333,defined,TRUE
2024-09-01_09-24-48-06-00_0002_102MEDIA_DSCF0341_JPG.rf.eda3963bd81ffe59985c50aa1b3fbad1.jpg,2,0,0,0,0,0,2,2,1,1,1,0,defined,TRUE
2024-08-13_09-23-26-06-00_0003_100MEDIA_DSCF0595_JPG.rf.530f3081edb6db88727203675f2f952e.jpg,0,2,2,0,4,2,2,4,0,0,0,1,defined_zero_performance,TRUE
2024-08-19_15-49-48-06-00_0003_103MEDIA_DSCF0614_JPG.rf.3dc867f5f7a08be82e1d33efd208b3c4.jpg,2,0,0,0,0,0,2,2,1,1,1,0,defined,TRUE
Scarus-coelestinus_51_jpeg.rf.aa2356af71547308048647042eb67687.jpg,3,0,0,1,0,1,4,3,1,0.75,0.8571428571428571,0.25,defined,TRUE
Scarus-taeniopterus_32_jpg.rf.8fedcc962b45bda8bfd938239d7bbc95.jpg,2,0,0,0,0,0,2,2,1,1,1,0,defined,TRUE
Acanthurus-chirurgus_29_jpg.rf.67d67248ed576b97260c1b0cd126a5f2.jpg,2,0,1,4,1,4,6,3,0.6666666666666666,0.3333333333333333,0.4444444444444444,0.6666666666666666,defined,TRUE
2024-09-03_16-07-30-06-00_0002_103MEDIA_DSCF0438_JPG.rf.a2a45f662f950068136ab485a78b3558.jpg,2,0,0,0,0,0,2,2,1,1,1,0,defined,TRUE
2024-08-18_13-44-12-06-00_0002_103MEDIA_DSCF0092_JPG.rf.064298884c2a9289611f345f0ac08f74.jpg,2,0,0,0,0,0,2,2,1,1,1,0,defined,TRUE
2024-08-21_06-34-18-06-00_0001_104MEDIA_DSCF0398_JPG.rf.faf35cc1d5056826d409e2415e1007ba.jpg,2,0,0,0,0,0,2,2,1,1,1,0,defined,TRUE
2024-08-21_06-14-02-06-00_0003_104MEDIA_DSCF0384_JPG.rf.1e710f977e784157ab08f9894ee2f061.jpg,2,0,0,0,0,0,2,2,1,1,1,0,defined,TRUE
Sparisoma-chrysopterum_18_jpeg.rf.ddc24bde81ac286704d085cd8421be82.jpg,1,0,0,0,0,0,1,1,1,1,1,0,defined,TRUE
Mycteroperca-bonaci_11_jpg.rf.142f992442a2762b0ef75cc7bf76b743.jpg,1,0,0,0,0,0,1,1,1,1,1,0,defined,TRUE
Lutjanus-analis_5_jpg.rf.5767224825440ec812c30125e9114018.jpg,3,0,1,1,1,1,4,4,0.75,0.75,0.75,0.25,defined,TRUE
2024-08-26_17-35-02-06-00_0002_107MEDIA_DSCF0021_JPG.rf.58d6ee50bd2a6c9ef75c9eb9cf432c46.jpg,2,1,1,5,2,6,8,4,0.5,0.25,0.3333333333333333,0.75,defined,TRUE
2024-08-21_06-47-02-06-00_0003_104MEDIA_DSCF0395_JPG.rf.11086f294bd813840b685f13c89182d2.jpg,4,0,0,1,0,1,5,4,1,0.8,0.888888888888889,0.2,defined,TRUE
2024-08-21_06-32-02-06-00_0003_104MEDIA_DSCF0390_JPG.rf.3ddcfb31733c3078d18b25e208aa6b71.jpg,2,0,0,0,0,0,2,2,1,1,1,0,defined,TRUE
2024-08-13_09-19-52-06-00_0005_100MEDIA_DSCF0539_JPG.rf.79fc283317ad43e42004dd9080063e11.jpg,2,0,0,0,0,0,2,2,1,1,1,0,defined,TRUE
2024-08-26_12-54-28-06-00_0005_106MEDIA_DSCF0873_JPG.rf.82fc4d19543181064f27e46836340a53.jpg,2,0,0,1,0,1,3,2,1,0.6666666666666666,0.8,0.3333333333333333,defined,TRUE
2024-08-21_06-02-22-06-00_0005_104MEDIA_DSCF0329_JPG.rf.26ac0bcca3ba44365a4420fd3ad31c6d.jpg,2,0,0,0,0,0,2,2,1,1,1,0,defined,TRUE
2025-09-11_16-55-14-06-00_0003_107MEDIA_DSCF0600_JPG.rf.67c1ab08f6d89ef63d1e785a1d0333e8.jpg,3,0,0,2,0,2,5,3,1,0.6,0.7499999999999999,0.4,defined,TRUE
Kyphosus-vaigiensis_9_jpeg.rf.b56c37d066a4a746bc6007118efca34b.jpg,4,0,0,4,0,4,8,4,1,0.5,0.6666666666666666,0.5,defined,TRUE
Scarus-taeniopterus_26_jpeg.rf.84f3b6c8f0ec7b214e5667e731afd8e5.jpg,1,0,0,0,0,0,1,1,1,1,1,0,defined,TRUE
2024-08-20_08-46-40-06-00_0003_103MEDIA_DSCF0953_JPG.rf.635b50a2fcad4fae6b8db81764fdc81f.jpg,2,0,0,0,0,0,2,2,1,1,1,0,defined,TRUE
Pomacanthus-arcuatus_8_png.rf.f1da95020aadcc78b7decdcd8b98d162.jpg,2,0,0,0,0,0,2,2,1,1,1,0,defined,TRUE
Halichoeres-bivittatus_23_jpeg.rf.de65eb2b4162bed3e31165b09ce73d54.jpg,3,0,0,1,0,1,4,3,1,0.75,0.8571428571428571,0.25,defined,TRUE
Epinephelus-morio_16_jpg.rf.dcdba9ce26b58e63aec419e179b1f364.jpg,0,3,0,1,3,4,4,3,0,0,0,1,defined_zero_performance,TRUE
Bodianus-rufus_30_jpg.rf.94f776ddbcaf8da9836409c48d3c9be1.jpg,3,0,0,0,0,0,3,3,1,1,1,0,defined,TRUE
Azurina-cyanea_49_jpg.rf.582dac41cd28dce48e38ab3bdf61e07f.jpg,1,0,0,0,0,0,1,1,1,1,1,0,defined,TRUE
Sparisoma-aurofrenatum_24_jpg.rf.eb755a9db6ac68ff151afa56a84951bc.jpg,4,0,0,0,0,0,4,4,1,1,1,0,defined,TRUE
Azurina-cyanea_44_jpeg.rf.e38d369de4b7db72116b42820fba2149.jpg,1,0,0,1,0,1,2,1,1,0.5,0.6666666666666666,0.5,defined,TRUE
Sparisoma-aurofrenatum_49_jpg.rf.85841c5c7662316c09a1b77db523e8cc.jpg,3,0,0,0,0,0,3,3,1,1,1,0,defined,TRUE
2024-08-16_15-02-50-06-00_0004_102MEDIA_DSCF0144_JPG.rf.02f79b0224472b54e25831f5593bf9fe.jpg,2,0,0,0,0,0,2,2,1,1,1,0,defined,TRUE
Epinephelus-morio_29_jpg.rf.a6796af8f91f6f1bbfc8bd2ced458227.jpg,4,0,0,0,0,0,4,4,1,1,1,0,defined,TRUE
Azurina-cyanea_51_jpg.rf.a675ebe7bc45da58b1b90956ce914a80.jpg,3,0,1,0,1,0,3,4,0.75,1,0.8571428571428571,0,defined,TRUE
Chaetodon-striatus_3_jpeg.rf.a6af87f914f2a75831e8c4c01dce0748.jpg,1,0,0,0,0,0,1,1,1,1,1,0,defined,TRUE
2024-08-19_16-55-58-06-00_0004_103MEDIA_DSCF0624_JPG.rf.63fb0a31f7a8bc099e73c4999d8ee422.jpg,3,0,0,0,0,0,3,3,1,1,1,0,defined,TRUE
Sparisoma-viride_22_jpeg.rf.2a5be32d7af4c815d4445266d110185f.jpg,1,0,0,0,0,0,1,1,1,1,1,0,defined,TRUE
Canthigaster-rostrata_37_jpg.rf.67f2517c4ed2f83f1eee1aac25fb6496.jpg,0,0,0,0,0,0,0,0,NA,NA,NA,NA,precision_recall_f1_undefined_no_objects,FALSE
2024-08-12_11-44-36-06-00_0002_100MEDIA_DSCF0163_JPG.rf.c7fcb0889cf094d267b54a843998330e.jpg,2,0,0,0,0,0,2,2,1,1,1,0,defined,TRUE
2024-08-25_12-55-50-06-00_0004_106MEDIA_DSCF0436_JPG.rf.9af22cbae36f1001ab9cba4451fdf7f0.jpg,0,0,0,2,0,2,2,0,NA,0,0,1,defined_zero_performance,FALSE
Diodon-holocanthus_46_jpeg.rf.d13d63d83b1aa91b9e3a2c987a166191.jpg,2,0,0,2,0,2,4,2,1,0.5,0.6666666666666666,0.5,defined,TRUE
Halichoeres-bivittatus_11_jpg.rf.8b59751f39d397f73daf82d6dd5ec591.jpg,1,0,0,0,0,0,1,1,1,1,1,0,defined,TRUE
Lutjanus-analis_28_jpg.rf.e098816023f5e60c1a86585ebfbf623a.jpg,3,0,0,0,0,0,3,3,1,1,1,0,defined,TRUE
2024-08-19_16-08-14-06-00_0002_103MEDIA_DSCF0621_JPG.rf.b92ab96f8c02287ae0a51353a10cb7b6.jpg,2,0,0,0,0,0,2,2,1,1,1,0,defined,TRUE
Sphyraena-barracuda_16_jpeg.rf.4218f6f369cc1e66841ef98231fe0d10.jpg,1,0,0,0,0,0,1,1,1,1,1,0,defined,TRUE
Acanthurus-chirurgus_53_jpg.rf.8efe308c3f970948384e4aa0ac206c6d.jpg,2,0,0,3,0,3,5,2,1,0.4,0.5714285714285715,0.6,defined,TRUE
2024-08-23_13-08-46-06-00_0001_105MEDIA_DSCF0492_JPG.rf.a337668d693468bebf71d518f946b8ac.jpg,0,2,0,0,2,2,2,2,0,0,0,1,defined_zero_performance,TRUE
2025-09-01_09-15-22-06-00_0002_102MEDIA_DSCF0644_JPG.rf.2e3df29250c98056147a1c60f32c32a1.jpg,0,0,0,3,0,3,3,0,NA,0,0,1,defined_zero_performance,FALSE
Epinephelus-morio_23_jpg.rf.18996b9d484c98b59752e7df2891d499.jpg,1,1,0,2,1,3,4,2,0.5,0.25,0.3333333333333333,0.75,defined,TRUE
2025-09-16_13-23-44-06-00_0003_109MEDIA_DSCF0934_JPG.rf.8ac8945eb6b14c549a991ad7b979cb4a.jpg,3,2,2,0,4,2,5,7,0.42857142857142855,0.6,0.5,0.4,defined,TRUE
2025-09-15_13-30-54-06-00_0003_109MEDIA_DSCF0455_JPG.rf.71717b0b1828d61abfbbac74f32448f3.jpg,2,0,0,0,0,0,2,2,1,1,1,0,defined,TRUE
2024-08-15_15-53-44-06-00_0005_101MEDIA_DSCF0634_JPG.rf.c9edd4d27fbb3710cf8ba3f07f5ef2b2.jpg,20,0,0,8,0,8,28,20,1,0.7142857142857143,0.8333333333333333,0.2857142857142857,defined,TRUE
2025-09-06_11-05-30-06-00_0003_105MEDIA_DSCF0077_JPG.rf.69364f47488597a6b4512da8180627a6.jpg,0,0,0,2,0,2,2,0,NA,0,0,1,defined_zero_performance,FALSE
Chaetodon-sedentarius_40_jpg.rf.6dd40e599a8b4c137f41a87905d76da1.jpg,1,0,0,0,0,0,1,1,1,1,1,0,defined,TRUE
2024-08-14_12-39-32-06-00_0003_101MEDIA_DSCF0145_JPG.rf.ccc4ee3f10bf52d046c512a495a0cf6f.jpg,3,0,0,2,0,2,5,3,1,0.6,0.7499999999999999,0.4,defined,TRUE
Chromis-scotti_17_jpg.rf.38aa3a927e7fad8ac4235ae65fa4cf93.jpg,5,0,0,0,0,0,5,5,1,1,1,0,defined,TRUE
Chaetodon-striatus_10_jpeg.rf.d7a1c875b354342e76cfa4ffa21f721a.jpg,2,0,0,0,0,0,2,2,1,1,1,0,defined,TRUE
2025-09-16_17-59-16-06-00_0003_110MEDIA_DSCF0027_JPG.rf.242a7ff2b1bdeff0bb00b0ca73715092.jpg,3,0,0,0,0,0,3,3,1,1,1,0,defined,TRUE
2024-08-24_06-56-06-06-00_0002_105MEDIA_DSCF0844_JPG.rf.2f88f203e6489b443a60930e14cdfb2c.jpg,12,7,0,9,7,16,28,19,0.631578947368421,0.42857142857142855,0.5106382978723404,0.5714285714285714,defined,TRUE
Chaetodon-ocellatus_29_jpeg.rf.278ef01330461b7ba00c5027b57f7079.jpg,2,0,0,0,0,0,2,2,1,1,1,0,defined,TRUE
Scarus-guacamaia_26_jpeg.rf.93bfa96a3dabccd0cb5cf306376403b3.jpg,3,0,0,1,0,1,4,3,1,0.75,0.8571428571428571,0.25,defined,TRUE
Chromis-scotti_15_jpeg.rf.bd9dd22de01f84daf1244e396b1a3788.jpg,2,0,0,1,0,1,3,2,1,0.6666666666666666,0.8,0.3333333333333333,defined,TRUE
2024-08-15_16-02-38-06-00_0004_101MEDIA_DSCF0683_JPG.rf.ffb3d83071bcf9ddff6353f7f0aebb53.jpg,5,0,0,2,0,2,7,5,1,0.7142857142857143,0.8333333333333333,0.2857142857142857,defined,TRUE
2024-08-29_08-26-26-06-00_0002_100MEDIA_DSCF0877_JPG.rf.681a9d2367fa71dee21e720d9cd647c1.jpg,0,0,0,2,0,2,2,0,NA,0,0,1,defined_zero_performance,FALSE
Canthigaster-rostrata_27_jpg.rf.18311a04f0431326cfe37d0ab36a8077.jpg,0,0,0,0,0,0,0,0,NA,NA,NA,NA,precision_recall_f1_undefined_no_objects,FALSE
2024-08-23_18-23-14-06-00_0002_105MEDIA_DSCF0592_JPG.rf.3b4523feb0f1aa9df2ca1a38d0ccbf6b.jpg,8,0,0,1,0,1,9,8,1,0.8888888888888888,0.9411764705882353,0.1111111111111111,defined,TRUE
2024-09-07_15-57-36-06-00_0005_105MEDIA_DSCF0166_JPG.rf.cd3a934160af87342ef9f0a2ef933e6f.jpg,2,0,0,0,0,0,2,2,1,1,1,0,defined,TRUE
Cephalopholis-cruentata_45_jpeg.rf.1fa407d4320713ef53bf4745cd4642d3.jpg,2,0,0,2,0,2,4,2,1,0.5,0.6666666666666666,0.5,defined,TRUE
Haemulon-sciurus_8_jpeg.rf.da80af20403ec47a8039ce37eb36390c.jpg,1,0,0,0,0,0,1,1,1,1,1,0,defined,TRUE
2024-08-12_18-03-44-06-00_0004_100MEDIA_DSCF0284_JPG.rf.acd9f87e348f6a9b4bf431a055bb160e.jpg,24,0,2,11,2,11,35,26,0.9230769230769231,0.6857142857142857,0.7868852459016394,0.3142857142857143,defined,TRUE
2024-08-14_13-19-52-06-00_0004_101MEDIA_DSCF0149_JPG.rf.506136fa39fca55edfeaa96551ec7b65.jpg,0,2,0,0,2,2,2,2,0,0,0,1,defined_zero_performance,TRUE
Chaetodon-striatus_33_jpg.rf.e23f4fc222e1c952c509e071e1d3d469.jpg,3,0,0,0,0,0,3,3,1,1,1,0,defined,TRUE
Sparisoma-viride_33_jpeg.rf.73bb62768b1745b50ade772642dd8f76.jpg,2,0,0,0,0,0,2,2,1,1,1,0,defined,TRUE
Lachnolaimus-maximus_45_jpg.rf.dbd8fc65ecb1424a29e2c5d0628083cd.jpg,3,0,0,1,0,1,4,3,1,0.75,0.8571428571428571,0.25,defined,TRUE
Scarus-coelestinus_17_jpg.rf.d56c43c75a9de203a0bdceb413e45ce3.jpg,1,0,0,0,0,0,1,1,1,1,1,0,defined,TRUE
Scarus-iseri_38_jpeg.rf.40db28f198869b3858d8943ed0c87bb0.jpg,2,0,0,0,0,0,2,2,1,1,1,0,defined,TRUE
2025-09-10_13-53-08-06-00_0003_107MEDIA_DSCF0058_JPG.rf.1fb2cfc3fb6c7919b258b0051d2d1157.jpg,0,4,0,0,4,4,4,4,0,0,0,1,defined_zero_performance,TRUE
2024-08-18_15-52-14-06-00_0005_103MEDIA_DSCF0081_JPG.rf.77f1635ce8bda275857a43cc4e4387dc.jpg,2,0,0,0,0,0,2,2,1,1,1,0,defined,TRUE
Lutjanus-jocu_47_jpg.rf.f05029cb2e0df34a6d97b4bf8361e4dd.jpg,1,0,0,0,0,0,1,1,1,1,1,0,defined,TRUE
Acanthurus-coeruleus_46_jpeg.rf.90cc928d0aa7f885db60a546cf130baa.jpg,4,0,0,0,0,0,4,4,1,1,1,0,defined,TRUE
Lutjanus-jocu_46_jpg.rf.d55282be99a874c28ca20fe3bc9786b2.jpg,1,0,0,0,0,0,1,1,1,1,1,0,defined,TRUE
Bodianus-rufus_55_jpg.rf.dd20e31b2ba01c143d9fddcd54632537.jpg,0,0,0,5,0,5,5,0,NA,0,0,1,defined_zero_performance,FALSE
2024-08-30_08-09-14-06-00_0002_101MEDIA_DSCF0353_JPG.rf.578712c23b8b3e6555a38dd42675e83e.jpg,2,0,0,0,0,0,2,2,1,1,1,0,defined,TRUE
Sparisoma-aurofrenatum_10_jpeg.rf.c8c503b1ab1fb87ec2aa140982cde270.jpg,2,0,0,4,0,4,6,2,1,0.3333333333333333,0.5,0.6666666666666666,defined,TRUE
Chaetodon-capistratus_26_jpg.rf.50e51b08c80735c61dc40c070fe98fa5.jpg,1,0,0,0,0,0,1,1,1,1,1,0,defined,TRUE
Chaetodon-ocellatus_38_jpg.rf.a7fe258d726e8af58d666fddf25d661d.jpg,0,3,1,0,4,3,3,4,0,0,0,1,defined_zero_performance,TRUE
Acanthurus-tractus_7_jpg.rf.40571437b8dcbab94aecfc69d867538a.jpg,0,0,0,0,0,0,0,0,NA,NA,NA,NA,precision_recall_f1_undefined_no_objects,FALSE
2025-09-12_16-51-20-06-00_0003_108MEDIA_DSCF0080_JPG.rf.c6b6d65a7e3575fda12e2aeabbfcfe79.jpg,2,0,0,0,0,0,2,2,1,1,1,0,defined,TRUE
Scarus-taeniopterus_3_jpg.rf.ebc0bd10a63ae977f9ce74c9aad28c20.jpg,1,0,0,0,0,0,1,1,1,1,1,0,defined,TRUE
2024-08-25_10-14-36-06-00_0004_106MEDIA_DSCF0382_JPG.rf.477fe2eb56ab41339337e5820e005a0b.jpg,3,0,0,1,0,1,4,3,1,0.75,0.8571428571428571,0.25,defined,TRUE
Pomacanthus-paru_24_jpg.rf.373f8bf4d463e5aad36f98adbdbe54b7.jpg,2,0,0,1,0,1,3,2,1,0.6666666666666666,0.8,0.3333333333333333,defined,TRUE
Lutjanus-analis_8_jpg.rf.678e050977e363118a764ecea1d89cbe.jpg,2,0,0,0,0,0,2,2,1,1,1,0,defined,TRUE
2024-08-21_14-02-08-06-00_0005_104MEDIA_DSCF0489_JPG.rf.e71d602c1a9e5f35fc6e5f9cc25e3dbf.jpg,28,0,3,2,3,2,30,31,0.9032258064516129,0.9333333333333333,0.9180327868852459,0.06666666666666667,defined,TRUE
Sparisoma-viride_28_jpeg.rf.7f04e0132ee6999d80a06d1f3f434cec.jpg,1,0,0,0,0,0,1,1,1,1,1,0,defined,TRUE
2024-08-13_15-30-30-06-00_0005_100MEDIA_DSCF0663_JPG.rf.4726a8af9616f79c7283c6b6732b907c.jpg,2,0,0,2,0,2,4,2,1,0.5,0.6666666666666666,0.5,defined,TRUE
Haemulon-flavolineatum_50_jpeg.rf.838b5ecba1edf9c98c9fa502ee8a917d.jpg,1,0,0,0,0,0,1,1,1,1,1,0,defined,TRUE
2024-09-03_09-43-50-06-00_0005_103MEDIA_DSCF0119_JPG.rf.f93f5f4ee2b4b2e5be6738d4ca5c7f78.jpg,0,0,2,2,2,2,2,2,0,0,0,1,defined_zero_performance,TRUE
2024-08-13_16-28-12-06-00_0003_100MEDIA_DSCF0738_JPG.rf.1fb9ee0b25ce6b1a25f3ae65697d9422.jpg,3,0,0,1,0,1,4,3,1,0.75,0.8571428571428571,0.25,defined,TRUE
Lutjanus-jocu_2_jpg.rf.22fd67592f6044f2f52151bc4c6042bf.jpg,4,0,1,1,1,1,5,5,0.8,0.8,0.8000000000000002,0.2,defined,TRUE
2025-09-05_15-08-56-06-00_0001_104MEDIA_DSCF0679_JPG.rf.c37a8f3a2e988c60658d094f252890d9.jpg,0,2,0,1,2,3,3,2,0,0,0,1,defined_zero_performance,TRUE
Rhomboplites-aurorubens_50_jpg.rf.72a3b46ae4fb85fef77edf170bc027e2.jpg,4,0,0,0,0,0,4,4,1,1,1,0,defined,TRUE
Chromis-scotti_46_jpg.rf.a8d694d24041218a601baf2cc128d832.jpg,2,0,0,0,0,0,2,2,1,1,1,0,defined,TRUE
Nicholsina-usta_37_jpeg.rf.29d36db83cc4ae818f2d678a0a7a2de4.jpg,3,0,2,1,2,1,4,5,0.6,0.75,0.6666666666666665,0.25,defined,TRUE
2024-09-04_12-55-40-06-00_0005_103MEDIA_DSCF0663_JPG.rf.87db22e62dc8919abd7d512d1138e972.jpg,0,1,0,1,1,2,2,1,0,0,0,1,defined_zero_performance,TRUE
Lutjanus-analis_47_jpeg.rf.7d9321635d989bf56fef4e288791d8c5.jpg,2,0,1,2,1,2,4,3,0.6666666666666666,0.5,0.5714285714285715,0.5,defined,TRUE
Sparisoma-aurofrenatum_12_jpg.rf.2d2b6200dae09cfd7904a667bfc51c1d.jpg,1,0,0,0,0,0,1,1,1,1,1,0,defined,TRUE
Haemulon-sciurus_7_jpeg.rf.b422f13375476fe45ccb1987a19f07ff.jpg,4,0,0,1,0,1,5,4,1,0.8,0.888888888888889,0.2,defined,TRUE
2024-08-14_10-25-48-06-00_0004_101MEDIA_DSCF0091_JPG.rf.8f4c16fb5b9083d1ab7c764854a349f4.jpg,0,2,0,0,2,2,2,2,0,0,0,1,defined_zero_performance,TRUE
Sparisoma-viride_35_jpg.rf.65ca1213ca44b206d379bfd5e95e262b.jpg,1,0,0,1,0,1,2,1,1,0.5,0.6666666666666666,0.5,defined,TRUE
Diodon-hystrix_44_jpg.rf.2f395028693c8b73d603ac2f30015c1c.jpg,3,0,0,0,0,0,3,3,1,1,1,0,defined,TRUE
2024-08-16_16-53-52-06-00_0004_102MEDIA_DSCF0181_JPG.rf.fb0959c84e95973534e9a394c8c7efb0.jpg,2,0,0,0,0,0,2,2,1,1,1,0,defined,TRUE
Acanthurus-tractus_2_jpg.rf.38315696cb70f837c2d1b9d142676f2a.jpg,0,0,0,0,0,0,0,0,NA,NA,NA,NA,precision_recall_f1_undefined_no_objects,FALSE
2024-08-19_12-40-52-06-00_0003_103MEDIA_DSCF0551_JPG.rf.af4cfcf66c8aec6789bcafbcdbec35d5.jpg,1,0,0,2,0,2,3,1,1,0.3333333333333333,0.5,0.6666666666666666,defined,TRUE
Acanthurus-chirurgus_42_jpeg.rf.851e518f7d049b95d9fd307a4b922084.jpg,1,0,0,0,0,0,1,1,1,1,1,0,defined,TRUE
Lutjanus-analis_14_jpeg.rf.8bc055db49ae1ca903fec7041552ce10.jpg,2,0,0,0,0,0,2,2,1,1,1,0,defined,TRUE
Nicholsina-usta_54_jpg.rf.3ad09174cbd970d0386c557eea7eec6f.jpg,0,2,0,4,2,6,6,2,0,0,0,1,defined_zero_performance,TRUE
2024-08-16_07-08-34-06-00_0004_101MEDIA_DSCF0985_JPG.rf.b9bbcaf98d602477eb865c99d4f49e98.jpg,9,0,0,5,0,5,14,9,1,0.6428571428571429,0.782608695652174,0.35714285714285715,defined,TRUE
2024-08-16_16-26-52-06-00_0004_102MEDIA_DSCF0172_JPG.rf.b552844fb022351a0624cdbcb7c5eb0b.jpg,2,0,0,0,0,0,2,2,1,1,1,0,defined,TRUE
2024-08-21_08-44-04-06-00_0002_104MEDIA_DSCF0436_JPG.rf.9c44287913b03f2e2ba2b86513c43cde.jpg,2,0,0,0,0,0,2,2,1,1,1,0,defined,TRUE
2024-08-19_11-53-10-06-00_0002_103MEDIA_DSCF0536_JPG.rf.ccce676ea8f02a6f7f8ced7aefe84a23.jpg,31,0,3,1,3,1,32,34,0.9117647058823529,0.96875,0.9393939393939394,0.03125,defined,TRUE
2025-09-06_07-23-06-06-00_0001_105MEDIA_DSCF0005_JPG.rf.5663b71e4668017687c69bf39c3d3647.jpg,0,2,0,0,2,2,2,2,0,0,0,1,defined_zero_performance,TRUE
Epinephelus-morio_6_png.rf.9f4be5b6eeb2c87dc90056ec2f7dde61.jpg,3,0,0,0,0,0,3,3,1,1,1,0,defined,TRUE
Diodon-holocanthus_28_jpeg.rf.6c78c5bcca94ff39b762ea9d2241735d.jpg,3,0,0,1,0,1,4,3,1,0.75,0.8571428571428571,0.25,defined,TRUE
Urobatis-jamaicensis_17_jpeg.rf.cbce6de0be2698ad62dd98000f910610.jpg,2,0,0,1,0,1,3,2,1,0.6666666666666666,0.8,0.3333333333333333,defined,TRUE
Pomacanthus-paru_23_jpg.rf.88d7eb80e40a6fa1bb19705124be3a3c.jpg,1,0,0,0,0,0,1,1,1,1,1,0,defined,TRUE
Lutjanus-analis_6_jpg.rf.2e5ec45d746a72129d9e068a467e1fe7.jpg,3,0,0,2,0,2,5,3,1,0.6,0.7499999999999999,0.4,defined,TRUE
2024-08-16_08-26-38-06-00_0004_102MEDIA_DSCF0012_JPG.rf.d5e49b091160d3ac3900a1108d6b4a40.jpg,13,0,1,9,1,9,22,14,0.9285714285714286,0.5909090909090909,0.7222222222222223,0.4090909090909091,defined,TRUE
2024-08-21_08-41-06-06-00_0003_104MEDIA_DSCF0433_JPG.rf.9df13d53bacf790da714173e5e9560f4.jpg,2,0,0,0,0,0,2,2,1,1,1,0,defined,TRUE
Acanthurus-tractus_48_jpg.rf.a98a2255db07cb2f2712fa26c06a4569.jpg,0,0,0,0,0,0,0,0,NA,NA,NA,NA,precision_recall_f1_undefined_no_objects,FALSE
Acanthurus-chirurgus_51_jpeg.rf.dc8e0bc77be910677d5d915a40a1ecdf.jpg,0,1,0,1,1,2,2,1,0,0,0,1,defined_zero_performance,TRUE
Epinephelus-morio_30_jpg.rf.9cf57131d2d6053d868e0701ab921597.jpg,3,0,0,0,0,0,3,3,1,1,1,0,defined,TRUE
Pomacanthus-arcuatus_6_jpg.rf.463d45a2b357524b58c5fa2a09c958ae.jpg,2,0,1,2,1,2,4,3,0.6666666666666666,0.5,0.5714285714285715,0.5,defined,TRUE
2024-08-16_07-08-30-06-00_0003_101MEDIA_DSCF0996_JPG.rf.6f4c8f41310c1d266f9ea267ece69195.jpg,2,0,2,0,2,0,2,4,0.5,1,0.6666666666666666,0,defined,TRUE
Halichoeres-bivittatus_20_jpeg.rf.b38b999301cb2234ef042c876e1c5c68.jpg,2,0,0,0,0,0,2,2,1,1,1,0,defined,TRUE
Epinephelus-morio_34_jpeg.rf.60721d2bad67e16a8ebf4f0938869140.jpg,1,0,0,0,0,0,1,1,1,1,1,0,defined,TRUE
Canthigaster-rostrata_23_jpg.rf.f0bfd87025f4f3f8d9c8df216db06602.jpg,0,0,0,0,0,0,0,0,NA,NA,NA,NA,precision_recall_f1_undefined_no_objects,FALSE
Azurina-cyanea_8_jpg.rf.1a3ddbd621583aa1ca11d008cc0af5fe.jpg,1,0,0,3,0,3,4,1,1,0.25,0.4,0.75,defined,TRUE
Seriola-zonata_1_jpg.rf.0ce192dcb5e2a418d95e7b5486d322e1.jpg,0,0,0,0,0,0,0,0,NA,NA,NA,NA,precision_recall_f1_undefined_no_objects,FALSE
Sparisoma-viride_20_jpeg.rf.bdbd62c048639e5c1c5361523fc6c0c1.jpg,1,0,0,0,0,0,1,1,1,1,1,0,defined,TRUE
2024-08-16_09-02-38-06-00_0004_102MEDIA_DSCF0024_JPG.rf.c1c86addcae070d1e985d85b055e1568.jpg,9,0,0,5,0,5,14,9,1,0.6428571428571429,0.782608695652174,0.35714285714285715,defined,TRUE
Halichoeres-bivittatus_45_jpg.rf.50dcfdb443c077d80205df4ce743cf52.jpg,1,0,0,0,0,0,1,1,1,1,1,0,defined,TRUE
Sparisoma-aurofrenatum_23_jpeg.rf.8c71951e8333f2b5cac9c8c947df6d7a.jpg,1,0,0,1,0,1,2,1,1,0.5,0.6666666666666666,0.5,defined,TRUE
Scarus-taeniopterus_15_png.rf.f2eb778abe0305429b0bcc1bfd984eb4.jpg,0,2,0,0,2,2,2,2,0,0,0,1,defined_zero_performance,TRUE
Nicholsina-usta_13_png.rf.320c148f926144c9c2bc5af815438e8d.jpg,0,1,0,0,1,1,1,1,0,0,0,1,defined_zero_performance,TRUE
Cephalopholis-fulva_26_jpeg.rf.dbe19d283197f8c2308d109c962a309e.jpg,0,0,1,0,1,0,0,1,0,NA,NA,NA,recall_and_f1_undefined_no_ground_truth,TRUE
2024-09-03_14-25-08-06-00_0001_103MEDIA_DSCF0402_JPG.rf.4f0d25d262301be1b82477daca2da5bc.jpg,0,0,0,2,0,2,2,0,NA,0,0,1,defined_zero_performance,FALSE
2024-08-19_06-23-28-06-00_0005_103MEDIA_DSCF0372_JPG.rf.a1162c7f298fe000d8b398337e5a8f0a.jpg,2,0,0,0,0,0,2,2,1,1,1,0,defined,TRUE
Bodianus-rufus_6_jpeg.rf.b457ecd91e29bdc7918eddec8be0dc50.jpg,0,1,0,2,1,3,3,1,0,0,0,1,defined_zero_performance,TRUE
Lachnolaimus-maximus_5_png.rf.e4fb3ca790a1df786c204bfa8bc82013.jpg,3,0,0,2,0,2,5,3,1,0.6,0.7499999999999999,0.4,defined,TRUE
Haemulon-sciurus_40_jpeg.rf.1a0cc20ae3bf0eaf8e3abcb0029f4f9b.jpg,1,1,0,0,1,1,2,2,0.5,0.5,0.5,0.5,defined,TRUE
2024-08-18_17-01-48-06-00_0003_103MEDIA_DSCF0158_JPG.rf.1e9da9cc70a06acc209e4600fb403b65.jpg,3,0,0,2,0,2,5,3,1,0.6,0.7499999999999999,0.4,defined,TRUE
Chromis-scotti_25_jpg.rf.c300a8387ef2ccdc0ccb1a36f5f4f461.jpg,4,0,0,0,0,0,4,4,1,1,1,0,defined,TRUE
Haemulon-flavolineatum_7_jpg.rf.646633d98869956769396453d73ddca9.jpg,4,0,0,0,0,0,4,4,1,1,1,0,defined,TRUE
Scarus-taeniopterus_25_jpg.rf.e3f2bff8d752623d4e423890a0e2e7a1.jpg,2,0,0,0,0,0,2,2,1,1,1,0,defined,TRUE
Haemulon-sciurus_23_jpeg.rf.ec8fef390243dee7c3100cb65768bd26.jpg,1,0,0,0,0,0,1,1,1,1,1,0,defined,TRUE
Scarus-coelestinus_33_jpg.rf.c5f2bd91621a8ab18c1fdaafc4493cb9.jpg,1,0,0,0,0,0,1,1,1,1,1,0,defined,TRUE
Scarus-guacamaia_42_jpeg.rf.7c15b394944d918900937d17f5665f74.jpg,2,0,0,0,0,0,2,2,1,1,1,0,defined,TRUE
Acanthurus-tractus_45_jpeg.rf.b30bd545946b6de9e8a4a2178364a13d.jpg,0,0,0,0,0,0,0,0,NA,NA,NA,NA,precision_recall_f1_undefined_no_objects,FALSE
Acanthurus-coeruleus_12_jpeg.rf.dd7a1555cb6665660059c31526ab616b.jpg,2,0,0,1,0,1,3,2,1,0.6666666666666666,0.8,0.3333333333333333,defined,TRUE
Chaetodon-striatus_44_jpeg.rf.e2adca49bfa46dc0ba4131d7e5c7763c.jpg,4,0,0,1,0,1,5,4,1,0.8,0.888888888888889,0.2,defined,TRUE
Halichoeres-bivittatus_18_jpeg.rf.840b09529bf388bde4b995b0085b909a.jpg,1,0,0,0,0,0,1,1,1,1,1,0,defined,TRUE
Mycteroperca-bonaci_8_jpeg.rf.356a2f6c5d2c4f89ef5fbdd5c59a13c1.jpg,2,0,0,2,0,2,4,2,1,0.5,0.6666666666666666,0.5,defined,TRUE
2024-08-24_11-00-06-06-00_0004_105MEDIA_DSCF0914_JPG.rf.bef53ac29b49baee28aa2a8c93d98de5.jpg,0,0,0,2,0,2,2,0,NA,0,0,1,defined_zero_performance,FALSE
Scarus-guacamaia_16_jpeg.rf.5b19e81a63d64794c0041ab392839922.jpg,2,0,0,4,0,4,6,2,1,0.3333333333333333,0.5,0.6666666666666666,defined,TRUE
Chaetodon-striatus_35_jpeg.rf.d76b83e947f167a66470556f6998c5d6.jpg,2,0,0,0,0,0,2,2,1,1,1,0,defined,TRUE
Canthigaster-rostrata_47_jpg.rf.0a941134ec301495f08bc65ca9b88cf2.jpg,0,0,0,0,0,0,0,0,NA,NA,NA,NA,precision_recall_f1_undefined_no_objects,FALSE
Acanthurus-tractus_37_jpeg.rf.e966e05aca0403012efd74cdd10ee359.jpg,0,0,0,0,0,0,0,0,NA,NA,NA,NA,precision_recall_f1_undefined_no_objects,FALSE
2024-08-17_08-41-16-06-00_0003_102MEDIA_DSCF0509_JPG.rf.9d2a148076d883335017b6a5aa836d2e.jpg,3,0,1,1,1,1,4,4,0.75,0.75,0.75,0.25,defined,TRUE
Sparisoma-viride_ip_20_jpg.rf.18ef7a4712377666cb87909db919f8aa.jpg,1,0,0,0,0,0,1,1,1,1,1,0,defined,TRUE
Cephalopholis-fulva_29_jpeg.rf.7c9e91c8dedb9c7ee051ddb5b0c469d5.jpg,0,0,0,0,0,0,0,0,NA,NA,NA,NA,precision_recall_f1_undefined_no_objects,FALSE
2024-09-04_15-52-42-06-00_0005_103MEDIA_DSCF0722_JPG.rf.050b1bb590aa89bcb1c58fc365df6356.jpg,0,2,0,2,2,4,4,2,0,0,0,1,defined_zero_performance,TRUE
Sparisoma-aurofrenatum_37_jpeg.rf.a6b2c13cbf8f4f93e8edc462c3653dbd.jpg,1,1,1,1,2,2,3,3,0.3333333333333333,0.3333333333333333,0.3333333333333333,0.6666666666666666,defined,TRUE
Rhomboplites-aurorubens_3_jpg.rf.76adf91584c9e08c418d3af068abbbe4.jpg,1,0,1,1,1,1,2,2,0.5,0.5,0.5,0.5,defined,TRUE
Chaetodon-sedentarius_41_jpg.rf.da421d00f5ecc8bb469699988662ba64.jpg,0,0,0,2,0,2,2,0,NA,0,0,1,defined_zero_performance,FALSE
2024-08-14_13-55-52-06-00_0004_101MEDIA_DSCF0161_JPG.rf.273eec47bcbb73a50d1e5a30d22da7c9.jpg,4,0,0,0,0,0,4,4,1,1,1,0,defined,TRUE
Urobatis-jamaicensis_37_jpeg.rf.95f86fc72ff00b30ab7b1eb329693947.jpg,1,0,0,0,0,0,1,1,1,1,1,0,defined,TRUE
2024-08-19_07-58-52-06-00_0004_103MEDIA_DSCF0445_JPG.rf.ea08145b2eda12ab62f3b4a687c566f3.jpg,2,0,0,0,0,0,2,2,1,1,1,0,defined,TRUE
Lachnolaimus-maximus_17_jpeg.rf.67872150529f1a5dd648366664f65ef3.jpg,1,0,0,1,0,1,2,1,1,0.5,0.6666666666666666,0.5,defined,TRUE
Acanthurus-coeruleus_6_jpeg.rf.c7b182ade92721cb50620b8af8f8b0ae.jpg,3,0,0,0,0,0,3,3,1,1,1,0,defined,TRUE
Scarus-coelestinus_49_jpg.rf.d680e69292500ce4de506c9b0551ec8d.jpg,1,0,0,0,0,0,1,1,1,1,1,0,defined,TRUE
Lutjanus-jocu_24_jpg.rf.51fcf18ce06a0e922c63824b525e4ac9.jpg,3,0,0,0,0,0,3,3,1,1,1,0,defined,TRUE
Seriola-zonata_17_jpg.rf.9e851f7946524518b8bd75db5e835588.jpg,0,0,0,0,0,0,0,0,NA,NA,NA,NA,precision_recall_f1_undefined_no_objects,FALSE
2025-09-12_14-51-48-06-00_0005_108MEDIA_DSCF0044_JPG.rf.8520cb12943f4f5abc4f05e3b7ef582b.jpg,0,0,0,2,0,2,2,0,NA,0,0,1,defined_zero_performance,FALSE
2024-08-19_07-26-08-06-00_0002_103MEDIA_DSCF0447_JPG.rf.0d7937716fade9e6e3458a71a3dc90d3.jpg,31,0,7,13,7,13,44,38,0.8157894736842105,0.7045454545454546,0.7560975609756098,0.29545454545454547,defined,TRUE
Calamus-bajonado_15_jpg.rf.2173a872070386e5ffd6e29212c58fae.jpg,1,0,0,2,0,2,3,1,1,0.3333333333333333,0.5,0.6666666666666666,defined,TRUE
2024-08-19_06-52-42-06-00_0003_103MEDIA_DSCF0435_JPG.rf.b77ab15035d8b75f799e2374b1df02cc.jpg,1,0,2,1,2,1,2,3,0.3333333333333333,0.5,0.4,0.5,defined,TRUE
Cephalopholis-cruentata_29_jpeg.rf.bcc65c0454229fbddb438c47c9e7c637.jpg,1,0,0,2,0,2,3,1,1,0.3333333333333333,0.5,0.6666666666666666,defined,TRUE
2024-08-19_07-13-50-06-00_0004_103MEDIA_DSCF0430_JPG.rf.2b4a2c0416b2cb8773fdcdba21e33199.jpg,2,0,0,0,0,0,2,2,1,1,1,0,defined,TRUE
Acanthurus-tractus_16_jpg.rf.ce956225350e8efe7f2ddb9cfb67cd72.jpg,0,0,0,0,0,0,0,0,NA,NA,NA,NA,precision_recall_f1_undefined_no_objects,FALSE
2024-08-23_14-55-40-06-00_0005_105MEDIA_DSCF0470_JPG.rf.b05cfe19919fdc4b81789cdd957fba78.jpg,0,0,0,2,0,2,2,0,NA,0,0,1,defined_zero_performance,FALSE
2024-08-31_07-11-02-06-00_0004_101MEDIA_DSCF0628_JPG.rf.2fa40566e9540029e41956a584a18c9e.jpg,2,0,0,0,0,0,2,2,1,1,1,0,defined,TRUE
2024-08-18_10-43-56-06-00_0003_103MEDIA_DSCF0032_JPG.rf.0b008e18da7134780f6dac109212b988.jpg,2,0,0,0,0,0,2,2,1,1,1,0,defined,TRUE
Diodon-holocanthus_7_jpg.rf.e94a6a60eb738206ec3d375615beb4f4.jpg,2,0,0,0,0,0,2,2,1,1,1,0,defined,TRUE
Sparisoma-aurofrenatum_3_jpeg.rf.1c25c48f501bbb0b544cdb69e9295992.jpg,1,0,0,1,0,1,2,1,1,0.5,0.6666666666666666,0.5,defined,TRUE
Sparisoma-chrysopterum_51_jpeg.rf.20ca4689b2e0e6953335f6aebf5504e3.jpg,2,0,0,0,0,0,2,2,1,1,1,0,defined,TRUE
2024-08-28_16-03-34-06-00_0002_100MEDIA_DSCF0549_JPG.rf.00f39ec1f9c8db52d193ad0054c4514b.jpg,0,2,0,0,2,2,2,2,0,0,0,1,defined_zero_performance,TRUE
Chaetodon-ocellatus_45_jpeg.rf.5dbe23ab80692556e52025e262e07bd8.jpg,4,0,2,0,2,0,4,6,0.6666666666666666,1,0.8,0,defined,TRUE
2024-08-23_14-59-44-06-00_0004_105MEDIA_DSCF0512_JPG.rf.88fd004f7107af10fe81dd38da673c1c.jpg,0,2,0,0,2,2,2,2,0,0,0,1,defined_zero_performance,TRUE
Scarus-vetula_13_jpeg.rf.e10b4f4da7371fc3300f2c6993521506.jpg,1,0,0,1,0,1,2,1,1,0.5,0.6666666666666666,0.5,defined,TRUE
Acanthurus-chirurgus_9_jpg.rf.920b09062b7856a073b6c822ed0dd37c.jpg,2,0,0,0,0,0,2,2,1,1,1,0,defined,TRUE
Sparisoma-chrysopterum_28_jpeg.rf.e928590e459fc4adf4a773a9e9ce44de.jpg,0,1,0,0,1,1,1,1,0,0,0,1,defined_zero_performance,TRUE
2024-08-23_09-48-04-06-00_0003_105MEDIA_DSCF0416_JPG.rf.b2e16e61dc1ce298ec8a7bd167b7920d.jpg,4,0,0,2,0,2,6,4,1,0.6666666666666666,0.8,0.3333333333333333,defined,TRUE
Scarus-vetula_28_jpg.rf.e0c9f3ba5f1166b29a2fa47ebb6e9d75.jpg,0,2,0,0,2,2,2,2,0,0,0,1,defined_zero_performance,TRUE
Sparisoma-chrysopterum_32_jpg.rf.f1bb87f6b0921e861d1f372d16b9e130.jpg,1,0,0,2,0,2,3,1,1,0.3333333333333333,0.5,0.6666666666666666,defined,TRUE
2024-08-16_17-44-30-06-00_0002_102MEDIA_DSCF0209_JPG.rf.347c6a3ab16d34b9d15727a89a805887.jpg,2,1,0,1,1,2,4,3,0.6666666666666666,0.5,0.5714285714285715,0.5,defined,TRUE
Kyphosus-vaigiensis_41_jpeg.rf.7a8f593c2135b99f2b3d84131a714590.jpg,1,0,0,1,0,1,2,1,1,0.5,0.6666666666666666,0.5,defined,TRUE
Acanthurus-tractus_35_jpeg.rf.06128de613bcaa5aa9ed00361ca8540d.jpg,0,0,1,1,1,1,1,1,0,0,0,1,defined_zero_performance,TRUE
2024-08-17_06-02-20-06-00_0002_102MEDIA_DSCF0456_JPG.rf.561fc337ccb85048938678904d73bda8.jpg,23,0,1,1,1,1,24,24,0.9583333333333334,0.9583333333333334,0.9583333333333334,0.041666666666666664,defined,TRUE
2024-08-14_16-31-58-06-00_0004_101MEDIA_DSCF0213_JPG.rf.8f210c597aeffa577e1bb1564ae75eba.jpg,1,1,1,2,2,3,4,3,0.3333333333333333,0.25,0.28571428571428575,0.75,defined,TRUE
2024-08-23_09-56-08-06-00_0002_105MEDIA_DSCF0423_JPG.rf.d51224cb4a38cabe1a1215542d532b20.jpg,2,0,4,0,4,0,2,6,0.3333333333333333,1,0.5,0,defined,TRUE
2024-08-17_06-23-32-06-00_0003_102MEDIA_DSCF0463_JPG.rf.4b46215a3e7d9027b48ac8ba0f8aeb8e.jpg,7,0,0,1,0,1,8,7,1,0.875,0.9333333333333333,0.125,defined,TRUE
Lutjanus-jocu_12_jpg.rf.3afe81d16dfed3b68e86d1d4f547f0a8.jpg,1,0,0,2,0,2,3,1,1,0.3333333333333333,0.5,0.6666666666666666,defined,TRUE
Halichoeres-bivittatus_27_jpeg.rf.3fbde1288e1de559cb1c1492ba13e132.jpg,1,0,0,0,0,0,1,1,1,1,1,0,defined,TRUE
Scarus-iseri_tp_36_jpeg.rf.7aa5bb2f910edb812093c85466058b38.jpg,2,0,0,1,0,1,3,2,1,0.6666666666666666,0.8,0.3333333333333333,defined,TRUE
Mycteroperca-bonaci_43_jpg.rf.5e2ba3df90767f3386fcae401aa94d06.jpg,4,0,0,0,0,0,4,4,1,1,1,0,defined,TRUE
2024-08-14_17-01-58-06-00_0004_101MEDIA_DSCF0223_JPG.rf.1610074487d0f5fd89f5d9d22626652d.jpg,2,0,0,0,0,0,2,2,1,1,1,0,defined,TRUE
2024-08-17_06-52-38-06-00_0004_102MEDIA_DSCF0460_JPG.rf.24c91e871604db717619161ea68d5ffa.jpg,10,0,0,2,0,2,12,10,1,0.8333333333333334,0.9090909090909091,0.16666666666666666,defined,TRUE
Scarus-guacamaia_3_jpeg.rf.13c2c7d8bc795ff1c69e17928a363fac.jpg,1,0,0,0,0,0,1,1,1,1,1,0,defined,TRUE
2024-08-17_06-23-20-06-00_0002_102MEDIA_DSCF0463_JPG.rf.9f26445b470cb726708430cebc2c781c.jpg,17,1,2,12,3,13,30,20,0.85,0.5666666666666667,0.68,0.43333333333333335,defined,TRUE
2024-08-16_18-23-24-06-00_0003_102MEDIA_DSCF0223_JPG.rf.cabe03755e91d9a89edb33cb58bebd42.jpg,2,0,4,0,4,0,2,6,0.3333333333333333,1,0.5,0,defined,TRUE
Chaetodon-striatus_53_jpeg.rf.0c54aefef0afdba580ed303083424d59.jpg,1,0,0,0,0,0,1,1,1,1,1,0,defined,TRUE
2024-08-17_07-23-22-06-00_0002_102MEDIA_DSCF0483_JPG.rf.c5da0c24a8e0697a2138dbe68dd435cc.jpg,2,0,3,0,3,0,2,5,0.4,1,0.5714285714285715,0,defined,TRUE
Scarus-taeniopterus_16_jpg.rf.ddae1c9b5242065c957b40054f5f32ed.jpg,2,0,0,1,0,1,3,2,1,0.6666666666666666,0.8,0.3333333333333333,defined,TRUE
Azurina-cyanea_32_jpg.rf.d0df1cd7e8480e33c05eb523c1129382.jpg,2,0,0,0,0,0,2,2,1,1,1,0,defined,TRUE
Azurina-cyanea_56_jpg.rf.6c572e5f45a658bf6c212ea8d07bfc35.jpg,1,0,0,1,0,1,2,1,1,0.5,0.6666666666666666,0.5,defined,TRUE
Scarus-guacamaia_39_jpeg.rf.f4b46095da1bbd745e0b475a032ff2d6.jpg,4,0,0,0,0,0,4,4,1,1,1,0,defined,TRUE
Pomacanthus-arcuatus_2_jpg.rf.00a47cadfbd082a2a5c3bfcbcdef87b3.jpg,2,0,0,0,0,0,2,2,1,1,1,0,defined,TRUE
