class,class_type,split,images_containing_class,preaugmentation_source_images_containing_class,annotated_object_instances,percent_exported_images_SAMP,percent_exported_images_iNaturalist,percent_exported_images_UNKNOWN_REVIEW,percent_source_images_SAMP,percent_source_images_iNaturalist,percent_source_images_UNKNOWN_REVIEW,bbox_area_fraction_min,bbox_area_fraction_q25,bbox_area_fraction_median,bbox_area_fraction_q75,bbox_area_fraction_max,bbox_area_fraction_mean,present_in_all_three_splits,training_source_image_rank,low_training_representation_lower_quartile,source_dependence
Abudefduf saxatilis,species_level,train,3084,771,16352,92.86640726,7.13359274,0.00000000,92.86640726,7.13359274,0.00000000,0.00000000,0.00054253,0.00108507,0.00289427,0.12238981,0.00314406,True,48,False,SAMP-predominant
Abudefduf saxatilis,species_level,valid,13,13,161,100.00000000,0.00000000,0.00000000,100.00000000,0.00000000,0.00000000,0.00003014,0.00045211,0.00067817,0.00341797,0.03827582,0.00394090,True,48,False,SAMP-predominant
Abudefduf saxatilis,species_level,test,13,13,105,100.00000000,0.00000000,0.00000000,100.00000000,0.00000000,0.00000000,0.00026524,0.00069625,0.00132620,0.00311656,0.02359423,0.00322217,True,48,False,SAMP-predominant
Acanthurus chirurgus,species_level,train,244,61,1296,11.47540984,88.52459016,0.00000000,11.47540984,88.52459016,0.00000000,0.00002110,0.00544871,0.01473283,0.03535292,0.59377411,0.03515111,True,23,False,iNaturalist-predominant
Acanthurus chirurgus,species_level,valid,11,11,38,9.09090909,90.90909091,0.00000000,9.09090909,90.90909091,0.00000000,0.00035265,0.00495741,0.02343750,0.10483655,0.32166281,0.07510354,True,23,False,iNaturalist-predominant
Acanthurus chirurgus,species_level,test,10,10,31,0.00000000,100.00000000,0.00000000,0.00000000,100.00000000,0.00000000,0.00014468,0.01926902,0.04481337,0.08517042,0.34225803,0.07549380,True,23,False,iNaturalist-predominant
Acanthurus coeruleus,species_level,train,332,83,1308,16.86746988,83.13253012,0.00000000,16.86746988,83.13253012,0.00000000,0.00000000,0.00194107,0.00651042,0.02170139,0.56983326,0.03727151,True,31,False,iNaturalist-predominant
Acanthurus coeruleus,species_level,valid,10,10,49,40.00000000,60.00000000,0.00000000,40.00000000,60.00000000,0.00000000,0.00130208,0.00179036,0.00235098,0.00689622,0.18193902,0.01264389,True,31,False,iNaturalist-predominant
Acanthurus coeruleus,species_level,test,10,10,29,10.00000000,90.00000000,0.00000000,10.00000000,90.00000000,0.00000000,0.00034361,0.00249566,0.01840097,0.04036458,0.49515336,0.05858990,True,31,False,iNaturalist-predominant
Anisotremus virginicus,species_level,train,3100,775,9308,98.45161290,1.54838710,0.00000000,98.45161290,1.54838710,0.00000000,0.00000000,0.00151910,0.00270363,0.00590760,0.35697880,0.00692680,True,49,False,SAMP-predominant
Anisotremus virginicus,species_level,valid,15,15,38,100.00000000,0.00000000,0.00000000,100.00000000,0.00000000,0.00000000,0.00049732,0.00188682,0.00468388,0.01517741,0.20797164,0.01835044,True,49,False,SAMP-predominant
Anisotremus virginicus,species_level,test,16,16,36,100.00000000,0.00000000,0.00000000,100.00000000,0.00000000,0.00000000,0.00059076,0.00325973,0.00678018,0.00951621,0.11537905,0.01379595,True,49,False,SAMP-predominant
Azurina cyanea,species_level,train,172,43,560,0.00000000,100.00000000,0.00000000,0.00000000,100.00000000,0.00000000,0.00000000,0.00202546,0.00950641,0.03092373,0.27588493,0.03547820,True,15,False,iNaturalist-predominant
Azurina cyanea,species_level,valid,10,10,30,0.00000000,100.00000000,0.00000000,0.00000000,100.00000000,0.00000000,0.00007234,0.01542381,0.03619912,0.06530008,0.32207574,0.05898839,True,15,False,iNaturalist-predominant
Azurina cyanea,species_level,test,10,10,21,0.00000000,100.00000000,0.00000000,0.00000000,100.00000000,0.00000000,0.00005425,0.00192901,0.03476442,0.08282697,0.38574520,0.07091517,True,15,False,iNaturalist-predominant
Bodianus rufus,species_level,train,148,37,404,0.00000000,100.00000000,0.00000000,0.00000000,100.00000000,0.00000000,0.00008439,0.00741464,0.02656913,0.11825448,0.53884549,0.08973960,True,10,True,iNaturalist-predominant
Bodianus rufus,species_level,valid,10,10,25,0.00000000,100.00000000,0.00000000,0.00000000,100.00000000,0.00000000,0.00031648,0.00602214,0.03279321,0.09434679,0.43446181,0.08611473,True,10,True,iNaturalist-predominant
Bodianus rufus,species_level,test,10,10,28,0.00000000,100.00000000,0.00000000,0.00000000,100.00000000,0.00000000,0.00051239,0.01403356,0.02808371,0.07186777,0.44764841,0.08093531,True,10,True,iNaturalist-predominant
Calamus spp,genus_level_group,train,224,56,588,23.21428571,76.78571429,0.00000000,23.21428571,76.78571429,0.00000000,0.00010248,0.00945216,0.03089434,0.17134452,0.48524306,0.10258889,True,19,False,iNaturalist-predominant
Calamus spp,genus_level_group,valid,8,8,24,37.50000000,62.50000000,0.00000000,37.50000000,62.50000000,0.00000000,0.00072338,0.01784638,0.10168306,0.19784885,0.35966435,0.11840544,True,19,False,iNaturalist-predominant
Calamus spp,genus_level_group,test,10,10,23,50.00000000,50.00000000,0.00000000,50.00000000,50.00000000,0.00000000,0.00111822,0.01033830,0.03806182,0.10657190,0.41954511,0.08466058,True,19,False,iNaturalist-predominant
Caranx bartholomaei,species_level,train,308,77,1356,100.00000000,0.00000000,0.00000000,100.00000000,0.00000000,0.00000000,0.00003014,0.00310149,0.00692033,0.01803627,0.27323254,0.01851734,True,30,False,SAMP-predominant
Caranx bartholomaei,species_level,valid,10,10,39,100.00000000,0.00000000,0.00000000,100.00000000,0.00000000,0.00000000,0.00318287,0.01638003,0.02577040,0.04926667,0.27681327,0.04172795,True,30,False,SAMP-predominant
Caranx bartholomaei,species_level,test,10,10,35,100.00000000,0.00000000,0.00000000,100.00000000,0.00000000,0.00000000,0.00125386,0.00928639,0.01974224,0.03797743,0.10030864,0.02895775,True,30,False,SAMP-predominant
Caranx latus,species_level,train,696,174,16060,98.85057471,1.14942529,0.00000000,98.85057471,1.14942529,0.00000000,0.00009645,0.00097656,0.00154622,0.00265842,0.29640480,0.00263782,True,42,False,SAMP-predominant
Caranx latus,species_level,valid,10,10,271,100.00000000,0.00000000,0.00000000,100.00000000,0.00000000,0.00000000,0.00028935,0.00229070,0.00430411,0.00723380,0.02188525,0.00540046,True,42,False,SAMP-predominant
Caranx latus,species_level,test,10,10,160,100.00000000,0.00000000,0.00000000,100.00000000,0.00000000,0.00000000,0.00079572,0.00185366,0.00230125,0.00331549,0.01123951,0.00277684,True,42,False,SAMP-predominant
Caranx ruber,species_level,train,512,128,1920,95.31250000,4.68750000,0.00000000,95.31250000,4.68750000,0.00000000,0.00021099,0.00155301,0.00367718,0.00897594,0.27083936,0.00957243,True,40,False,SAMP-predominant
Caranx ruber,species_level,valid,8,8,32,100.00000000,0.00000000,0.00000000,100.00000000,0.00000000,0.00000000,0.00027730,0.00583677,0.01136007,0.01871745,0.05266204,0.01459409,True,40,False,SAMP-predominant
Caranx ruber,species_level,test,10,10,29,100.00000000,0.00000000,0.00000000,100.00000000,0.00000000,0.00000000,0.00053048,0.00457538,0.01161627,0.03080392,0.04607928,0.01702644,True,40,False,SAMP-predominant
Cephalopholis cruentata,species_level,train,124,31,312,0.00000000,100.00000000,0.00000000,0.00000000,100.00000000,0.00000000,0.00003014,0.01342773,0.09631950,0.19866416,0.85118273,0.13874978,True,2,True,iNaturalist-predominant
Cephalopholis cruentata,species_level,valid,10,10,27,0.00000000,100.00000000,0.00000000,0.00000000,100.00000000,0.00000000,0.00012659,0.02227708,0.09794259,0.16667571,0.48684956,0.13180379,True,2,True,iNaturalist-predominant
Cephalopholis cruentata,species_level,test,10,10,25,0.00000000,100.00000000,0.00000000,0.00000000,100.00000000,0.00000000,0.00081983,0.00557002,0.06312693,0.14296694,0.38371672,0.09818179,True,2,True,iNaturalist-predominant
Chaetodon capistratus,species_level,train,152,38,360,2.63157895,97.36842105,0.00000000,2.63157895,97.36842105,0.00000000,0.00002110,0.00582321,0.01957194,0.07404393,0.51870841,0.06049939,True,12,True,iNaturalist-predominant
Chaetodon capistratus,species_level,valid,10,10,22,0.00000000,100.00000000,0.00000000,0.00000000,100.00000000,0.00000000,0.00007535,0.01575008,0.04345402,0.08771882,0.35356988,0.08687995,True,12,True,iNaturalist-predominant
Chaetodon capistratus,species_level,test,10,10,15,0.00000000,100.00000000,0.00000000,0.00000000,100.00000000,0.00000000,0.00000000,0.02495660,0.07638889,0.12721535,0.35489005,0.09799242,True,12,True,iNaturalist-predominant
Chaetodon ocellatus,species_level,train,332,83,772,49.39759036,50.60240964,0.00000000,49.39759036,50.60240964,0.00000000,0.00002110,0.00159144,0.00463264,0.02644555,0.39378979,0.02923623,True,31,False,mixed_or_unknown
Chaetodon ocellatus,species_level,valid,10,10,33,50.00000000,50.00000000,0.00000000,50.00000000,50.00000000,0.00000000,0.00039183,0.00183558,0.01198098,0.05643868,0.22778320,0.03434811,True,31,False,mixed_or_unknown
Chaetodon ocellatus,species_level,test,10,10,26,50.00000000,50.00000000,0.00000000,50.00000000,50.00000000,0.00000000,0.00000603,0.00225453,0.00461607,0.01056586,0.45746226,0.02934730,True,31,False,mixed_or_unknown
Chaetodon sedentarius,species_level,train,124,31,676,0.00000000,100.00000000,0.00000000,0.00000000,100.00000000,0.00000000,0.00005727,0.00067817,0.00234194,0.01229745,0.42060004,0.02681865,True,2,True,iNaturalist-predominant
Chaetodon sedentarius,species_level,valid,10,10,31,0.00000000,100.00000000,0.00000000,0.00000000,100.00000000,0.00000000,0.00002411,0.00629792,0.02363040,0.09402127,0.28095462,0.05929399,True,2,True,iNaturalist-predominant
Chaetodon sedentarius,species_level,test,10,10,23,0.00000000,100.00000000,0.00000000,0.00000000,100.00000000,0.00000000,0.00007234,0.00297490,0.01164641,0.05309456,0.22216797,0.03622323,True,2,True,iNaturalist-predominant
Chaetodon striatus,species_level,train,156,39,424,0.00000000,100.00000000,0.00000000,0.00000000,100.00000000,0.00000000,0.00014468,0.01145351,0.02910247,0.08400849,0.51832863,0.06878317,True,13,True,iNaturalist-predominant
Chaetodon striatus,species_level,valid,10,10,28,0.00000000,100.00000000,0.00000000,0.00000000,100.00000000,0.00000000,0.00010851,0.00799108,0.02187621,0.04665799,0.28479456,0.04070744,True,13,True,iNaturalist-predominant
Chaetodon striatus,species_level,test,10,10,25,10.00000000,90.00000000,0.00000000,10.00000000,90.00000000,0.00000000,0.00010851,0.01661663,0.05013021,0.11203342,0.34027778,0.08228504,True,13,True,iNaturalist-predominant
Chromis scotti,species_level,train,136,34,496,0.00000000,100.00000000,0.00000000,0.00000000,100.00000000,0.00000000,0.00000000,0.00928789,0.03863601,0.12511303,0.56105324,0.10964875,True,6,True,iNaturalist-predominant
Chromis scotti,species_level,valid,10,10,32,0.00000000,100.00000000,0.00000000,0.00000000,100.00000000,0.00000000,0.00270062,0.00846354,0.02610346,0.10882342,0.51798503,0.09027100,True,6,True,iNaturalist-predominant
Chromis scotti,species_level,test,10,10,35,0.00000000,100.00000000,0.00000000,0.00000000,100.00000000,0.00000000,0.00000000,0.00416245,0.03209997,0.09529924,0.47839205,0.08907197,True,6,True,iNaturalist-predominant
Diodon spp,genus_level_group,train,440,110,1640,19.09090909,80.90909091,0.00000000,19.09090909,80.90909091,0.00000000,0.00000000,0.00564236,0.01813724,0.08386381,0.63017216,0.07223986,True,37,False,iNaturalist-predominant
Diodon spp,genus_level_group,valid,10,10,22,0.00000000,100.00000000,0.00000000,0.00000000,100.00000000,0.00000000,0.00137442,0.00465751,0.06306363,0.13925887,0.31567383,0.09869227,True,37,False,iNaturalist-predominant
Diodon spp,genus_level_group,test,10,10,34,10.00000000,90.00000000,0.00000000,10.00000000,90.00000000,0.00000000,0.00005425,0.01236979,0.03981602,0.15234375,0.35489607,0.09810242,True,37,False,iNaturalist-predominant
Epinephelus spp,genus_level_group,train,884,221,2200,1.80995475,98.19004525,0.00000000,1.80995475,98.19004525,0.00000000,0.00000000,0.01104058,0.06680411,0.16503906,0.60221354,0.11140561,True,44,False,iNaturalist-predominant
Epinephelus spp,genus_level_group,valid,11,11,21,9.09090909,90.90909091,0.00000000,9.09090909,90.90909091,0.00000000,0.00066310,0.02050781,0.07128906,0.21031057,0.38807509,0.12607488,True,44,False,iNaturalist-predominant
Epinephelus spp,genus_level_group,test,10,10,29,10.00000000,90.00000000,0.00000000,10.00000000,90.00000000,0.00000000,0.00096451,0.00684799,0.08016855,0.19649402,0.49490620,0.12677197,True,44,False,iNaturalist-predominant
Ginglymostoma cirratum,species_level,train,216,54,460,96.29629630,3.70370370,0.00000000,96.29629630,3.70370370,0.00000000,0.00006932,0.02094787,0.02320843,0.02601755,0.45898438,0.03287063,True,18,False,SAMP-predominant
Ginglymostoma cirratum,species_level,valid,10,10,22,100.00000000,0.00000000,0.00000000,100.00000000,0.00000000,0.00000000,0.00034361,0.02134422,0.02619237,0.05165383,0.15342882,0.04604517,True,18,False,SAMP-predominant
Ginglymostoma cirratum,species_level,test,10,10,22,100.00000000,0.00000000,0.00000000,100.00000000,0.00000000,0.00000000,0.00202546,0.02300347,0.02350080,0.02613209,0.15602394,0.03144619,True,18,False,SAMP-predominant
Haemulon flavolineatum,species_level,train,272,68,1000,5.88235294,94.11764706,0.00000000,5.88235294,94.11764706,0.00000000,0.00000603,0.00497323,0.01349254,0.03273293,0.63472041,0.04393491,True,26,False,iNaturalist-predominant
Haemulon flavolineatum,species_level,valid,9,9,17,0.00000000,100.00000000,0.00000000,0.00000000,100.00000000,0.00000000,0.00010248,0.00317383,0.08772184,0.27701823,0.34905478,0.12764973,True,26,False,iNaturalist-predominant
Haemulon flavolineatum,species_level,test,9,9,33,11.11111111,88.88888889,0.00000000,11.11111111,88.88888889,0.00000000,0.00023208,0.00467183,0.02311801,0.03714856,0.38075087,0.05299477,True,26,False,iNaturalist-predominant
Haemulon juvenil,life_stage_or_initial_phase,train,4100,1025,124136,98.43902439,1.56097561,0.00000000,98.43902439,1.56097561,0.00000000,0.00000301,0.00033758,0.00065104,0.00135634,0.05330404,0.00140918,True,50,False,SAMP-predominant
Haemulon juvenil,life_stage_or_initial_phase,valid,13,13,405,100.00000000,0.00000000,0.00000000,100.00000000,0.00000000,0.00000000,0.00007837,0.00059076,0.00101876,0.00218822,0.02276235,0.00223329,True,50,False,SAMP-predominant
Haemulon juvenil,life_stage_or_initial_phase,test,9,9,130,100.00000000,0.00000000,0.00000000,100.00000000,0.00000000,0.00000000,0.00019592,0.00204505,0.00360635,0.00711625,0.04282407,0.00551447,True,50,False,SAMP-predominant
Haemulon plumierii,species_level,train,4240,1060,26668,98.58490566,1.41509434,0.00000000,98.58490566,1.41509434,0.00000000,0.00000000,0.00266445,0.00518422,0.01011224,0.44867019,0.00913757,True,51,False,SAMP-predominant
Haemulon plumierii,species_level,valid,11,11,60,100.00000000,0.00000000,0.00000000,100.00000000,0.00000000,0.00000000,0.00021701,0.00332604,0.00758644,0.01851098,0.08804736,0.01401774,True,51,False,SAMP-predominant
Haemulon plumierii,species_level,test,15,15,74,100.00000000,0.00000000,0.00000000,100.00000000,0.00000000,0.00000000,0.00055459,0.00527615,0.00981837,0.01587668,0.12771267,0.01528799,True,51,False,SAMP-predominant
Haemulon plumierii juvenil,life_stage_or_initial_phase,train,240,60,848,100.00000000,0.00000000,0.00000000,100.00000000,0.00000000,0.00000000,0.00018084,0.00168186,0.00278501,0.00498228,0.07291667,0.00540981,True,22,False,SAMP-predominant
Haemulon plumierii juvenil,life_stage_or_initial_phase,valid,10,10,20,100.00000000,0.00000000,0.00000000,100.00000000,0.00000000,0.00000000,0.00176324,0.00288448,0.00417149,0.00575991,0.07015275,0.01134018,True,22,False,SAMP-predominant
Haemulon plumierii juvenil,life_stage_or_initial_phase,test,10,10,23,100.00000000,0.00000000,0.00000000,100.00000000,0.00000000,0.00000000,0.00031346,0.00198628,0.00286941,0.00465073,0.02194252,0.00462858,True,22,False,SAMP-predominant
Haemulon sciurus,species_level,train,372,93,1300,33.33333333,66.66666667,0.00000000,33.33333333,66.66666667,0.00000000,0.00001206,0.00509380,0.00905129,0.02610798,0.42300829,0.03020849,True,35,False,mixed_or_unknown
Haemulon sciurus,species_level,valid,11,11,51,0.00000000,100.00000000,0.00000000,0.00000000,100.00000000,0.00000000,0.00003014,0.00939188,0.03525270,0.05843551,0.40504437,0.05013216,True,35,False,mixed_or_unknown
Haemulon sciurus,species_level,test,10,10,24,10.00000000,90.00000000,0.00000000,10.00000000,90.00000000,0.00000000,0.00030141,0.00561674,0.01295754,0.05087544,0.38518458,0.05152610,True,35,False,mixed_or_unknown
Halichoeres spp,genus_level_group,train,232,58,660,27.58620690,72.41379310,0.00000000,27.58620690,72.41379310,0.00000000,0.00001206,0.00160651,0.00412628,0.02357313,0.37904490,0.03479792,True,20,False,mixed_or_unknown
Halichoeres spp,genus_level_group,valid,10,10,22,10.00000000,90.00000000,0.00000000,10.00000000,90.00000000,0.00000000,0.00007837,0.00768892,0.03940611,0.07248791,0.55120322,0.08452225,True,20,False,mixed_or_unknown
Halichoeres spp,genus_level_group,test,10,10,17,10.00000000,90.00000000,0.00000000,10.00000000,90.00000000,0.00000000,0.00030141,0.01760827,0.05810547,0.12333623,0.34323158,0.09019587,True,20,False,mixed_or_unknown
Holacanthus spp,genus_level_group,train,1120,280,2820,61.42857143,38.57142857,0.00000000,61.42857143,38.57142857,0.00000000,0.00000603,0.00369225,0.00961492,0.04012346,0.68229167,0.05260734,True,45,False,mixed_or_unknown
Holacanthus spp,genus_level_group,valid,11,11,26,100.00000000,0.00000000,0.00000000,100.00000000,0.00000000,0.00000000,0.00006330,0.00646068,0.02555489,0.04538454,0.25423177,0.04046544,True,45,False,mixed_or_unknown
Holacanthus spp,genus_level_group,test,11,11,23,100.00000000,0.00000000,0.00000000,100.00000000,0.00000000,0.00000000,0.00225453,0.00443070,0.01046489,0.01565514,0.02803096,0.01131028,True,45,False,mixed_or_unknown
Kyphosus spp,genus_level_group,train,344,86,1520,46.51162791,53.48837209,0.00000000,46.51162791,53.48837209,0.00000000,0.00000000,0.00247984,0.00644561,0.03801209,0.47070915,0.03958113,True,33,False,mixed_or_unknown
Kyphosus spp,genus_level_group,valid,10,10,43,50.00000000,50.00000000,0.00000000,50.00000000,50.00000000,0.00000000,0.00012358,0.00466580,0.01332224,0.02514196,0.29049720,0.03023916,True,33,False,mixed_or_unknown
Kyphosus spp,genus_level_group,test,12,12,48,58.33333333,41.66666667,0.00000000,58.33333333,41.66666667,0.00000000,0.00019893,0.00256046,0.00533040,0.04929832,0.41570819,0.04620820,True,33,False,mixed_or_unknown
Lachnolaimus maximus,species_level,train,276,69,928,44.92753623,55.07246377,0.00000000,44.92753623,55.07246377,0.00000000,0.00000000,0.00349407,0.01093961,0.04498517,0.54564525,0.06771010,True,28,False,mixed_or_unknown
Lachnolaimus maximus,species_level,valid,10,10,34,50.00000000,50.00000000,0.00000000,50.00000000,50.00000000,0.00000000,0.00018084,0.00334262,0.01577872,0.03369141,0.47674033,0.06831266,True,28,False,mixed_or_unknown
Lachnolaimus maximus,species_level,test,10,10,36,30.00000000,70.00000000,0.00000000,30.00000000,70.00000000,0.00000000,0.00000000,0.00111672,0.00985002,0.05704300,0.33757716,0.05294771,True,28,False,mixed_or_unknown
Lutjanus analis,species_level,train,140,35,352,14.28571429,85.71428571,0.00000000,14.28571429,85.71428571,0.00000000,0.00002411,0.02325439,0.08769170,0.22166160,0.64820240,0.13999745,True,8,True,iNaturalist-predominant
Lutjanus analis,species_level,valid,10,10,28,0.00000000,100.00000000,0.00000000,0.00000000,100.00000000,0.00000000,0.00010549,0.00250470,0.02548406,0.15922565,0.42170320,0.08630048,True,8,True,iNaturalist-predominant
Lutjanus analis,species_level,test,10,10,26,0.00000000,100.00000000,0.00000000,0.00000000,100.00000000,0.00000000,0.00000904,0.00187627,0.03903537,0.15364885,0.64287351,0.11472986,True,8,True,iNaturalist-predominant
Lutjanus griseus,species_level,train,1360,340,11796,98.82352941,1.17647059,0.00000000,98.82352941,1.17647059,0.00000000,0.00000603,0.00196217,0.00407504,0.00736039,0.18297285,0.00685007,True,47,False,SAMP-predominant
Lutjanus griseus,species_level,valid,10,10,95,100.00000000,0.00000000,0.00000000,100.00000000,0.00000000,0.00000000,0.00024715,0.00301408,0.00506969,0.00777935,0.10476948,0.00794293,True,47,False,SAMP-predominant
Lutjanus griseus,species_level,test,11,11,94,100.00000000,0.00000000,0.00000000,100.00000000,0.00000000,0.00000000,0.00000000,0.00271267,0.00476225,0.00656467,0.04498517,0.00695230,True,47,False,SAMP-predominant
Lutjanus jocu,species_level,train,160,40,428,0.00000000,100.00000000,0.00000000,0.00000000,100.00000000,0.00000000,0.00000000,0.00845450,0.05944674,0.16584081,0.54151596,0.10467334,True,14,False,iNaturalist-predominant
Lutjanus jocu,species_level,valid,10,10,21,0.00000000,100.00000000,0.00000000,0.00000000,100.00000000,0.00000000,0.00052445,0.00752315,0.05772569,0.14510995,0.36666606,0.10351046,True,14,False,iNaturalist-predominant
Lutjanus jocu,species_level,test,10,10,22,0.00000000,100.00000000,0.00000000,0.00000000,100.00000000,0.00000000,0.00125386,0.02857350,0.11832682,0.23808760,0.35597512,0.13538310,True,14,False,iNaturalist-predominant
Mycteroperca spp,genus_level_group,train,716,179,2004,1.67597765,98.32402235,0.00000000,1.67597765,98.32402235,0.00000000,0.00000000,0.00807473,0.05642361,0.16254340,0.68803952,0.11221899,True,43,False,iNaturalist-predominant
Mycteroperca spp,genus_level_group,valid,10,10,23,0.00000000,100.00000000,0.00000000,0.00000000,100.00000000,0.00000000,0.00049732,0.02907534,0.10508898,0.23182810,0.39687922,0.13651589,True,43,False,iNaturalist-predominant
Mycteroperca spp,genus_level_group,test,10,10,24,20.00000000,80.00000000,0.00000000,20.00000000,80.00000000,0.00000000,0.00070530,0.00758192,0.07144881,0.12038770,0.33094618,0.08976639,True,43,False,iNaturalist-predominant
Nicholsina usta,species_level,train,236,59,704,20.33898305,79.66101695,0.00000000,20.33898305,79.66101695,0.00000000,0.00000000,0.00414286,0.01405768,0.06491428,0.43635163,0.06802533,True,21,False,iNaturalist-predominant
Nicholsina usta,species_level,valid,10,10,34,40.00000000,60.00000000,0.00000000,40.00000000,60.00000000,0.00000000,0.00061186,0.00331549,0.00505914,0.04370569,0.38416281,0.05857895,True,21,False,iNaturalist-predominant
Nicholsina usta,species_level,test,10,10,25,20.00000000,80.00000000,0.00000000,20.00000000,80.00000000,0.00000000,0.00107603,0.01075726,0.02287688,0.06958912,0.40852865,0.06967231,True,21,False,iNaturalist-predominant
Ocyurus chrysurus,species_level,train,1316,329,4316,95.74468085,4.25531915,0.00000000,95.74468085,4.25531915,0.00000000,0.00000000,0.00177228,0.00358073,0.00812295,0.10603238,0.00764381,True,46,False,SAMP-predominant
Ocyurus chrysurus,species_level,valid,13,13,92,100.00000000,0.00000000,0.00000000,100.00000000,0.00000000,0.00000000,0.00076256,0.00413532,0.01070602,0.02249108,0.10300926,0.01555741,True,46,False,SAMP-predominant
Ocyurus chrysurus,species_level,test,13,13,46,100.00000000,0.00000000,0.00000000,100.00000000,0.00000000,0.00000000,0.00030744,0.00125235,0.00427397,0.01384066,0.10443191,0.01313334,True,46,False,SAMP-predominant
Pomacanthus arcuatus,species_level,train,252,63,752,34.92063492,65.07936508,0.00000000,34.92063492,65.07936508,0.00000000,0.00000603,0.00501166,0.03132234,0.09559010,0.66821289,0.07813302,True,24,False,mixed_or_unknown
Pomacanthus arcuatus,species_level,valid,10,10,37,50.00000000,50.00000000,0.00000000,50.00000000,50.00000000,0.00000000,0.00006932,0.01645387,0.03612076,0.06747323,0.42498553,0.07292033,True,24,False,mixed_or_unknown
Pomacanthus arcuatus,species_level,test,10,10,26,50.00000000,50.00000000,0.00000000,50.00000000,50.00000000,0.00000000,0.00045211,0.01448568,0.03071952,0.13343415,0.42132041,0.08255350,True,24,False,mixed_or_unknown
Pomacanthus paru,species_level,train,260,65,736,38.46153846,55.38461538,6.15384615,38.46153846,55.38461538,6.15384615,0.00000000,0.00415340,0.01898269,0.07697136,0.61197917,0.06418238,True,25,False,mixed_or_unknown
Pomacanthus paru,species_level,valid,10,10,32,50.00000000,50.00000000,0.00000000,50.00000000,50.00000000,0.00000000,0.00018084,0.00377589,0.01326196,0.09175769,0.56774149,0.06891331,True,25,False,mixed_or_unknown
Pomacanthus paru,species_level,test,10,10,21,50.00000000,50.00000000,0.00000000,50.00000000,50.00000000,0.00000000,0.00070530,0.01067588,0.02281057,0.05958237,0.42381004,0.05558326,True,25,False,mixed_or_unknown
Rhomboplites aurorubens,species_level,train,120,30,1740,0.00000000,100.00000000,0.00000000,0.00000000,100.00000000,0.00000000,0.00037375,0.00491898,0.01034433,0.02886285,0.56475453,0.03980128,True,1,True,iNaturalist-predominant
Rhomboplites aurorubens,species_level,valid,10,10,107,0.00000000,100.00000000,0.00000000,0.00000000,100.00000000,0.00000000,0.00106096,0.00767385,0.01417824,0.03319710,0.58854167,0.05705477,True,1,True,iNaturalist-predominant
Rhomboplites aurorubens,species_level,test,10,10,58,0.00000000,100.00000000,0.00000000,0.00000000,100.00000000,0.00000000,0.00021701,0.01236376,0.03611624,0.09516285,0.36588542,0.07809621,True,1,True,iNaturalist-predominant
Scarus coelestinus,species_level,train,276,69,768,40.57971014,59.42028986,0.00000000,40.57971014,59.42028986,0.00000000,0.00000301,0.00984701,0.03279622,0.08717327,0.78079789,0.07997744,True,28,False,mixed_or_unknown
Scarus coelestinus,species_level,valid,10,10,24,0.00000000,100.00000000,0.00000000,0.00000000,100.00000000,0.00000000,0.00019893,0.00706425,0.03918457,0.13911042,0.48113788,0.11232152,True,28,False,mixed_or_unknown
Scarus coelestinus,species_level,test,10,10,21,10.00000000,90.00000000,0.00000000,10.00000000,90.00000000,0.00000000,0.00066913,0.01387080,0.06325955,0.10560137,0.35297912,0.08509356,True,28,False,mixed_or_unknown
Scarus coeruleus,species_level,train,512,128,1560,99.21875000,0.78125000,0.00000000,99.21875000,0.78125000,0.00000000,0.00009645,0.00226659,0.00375856,0.00667318,0.08736316,0.00620230,True,40,False,SAMP-predominant
Scarus coeruleus,species_level,valid,10,10,28,100.00000000,0.00000000,0.00000000,100.00000000,0.00000000,0.00000000,0.00112727,0.00594980,0.00988619,0.05447049,0.19528236,0.03752424,True,40,False,SAMP-predominant
Scarus coeruleus,species_level,test,10,10,31,100.00000000,0.00000000,0.00000000,100.00000000,0.00000000,0.00000000,0.00012056,0.00712077,0.01485942,0.02546296,0.07656973,0.02109692,True,40,False,SAMP-predominant
Scarus guacamaia,species_level,train,132,33,364,0.00000000,100.00000000,0.00000000,0.00000000,100.00000000,0.00000000,0.00002110,0.01497396,0.03825473,0.11598488,0.57132523,0.08641955,True,4,True,iNaturalist-predominant
Scarus guacamaia,species_level,valid,10,10,20,0.00000000,100.00000000,0.00000000,0.00000000,100.00000000,0.00000000,0.00004521,0.04439969,0.11041034,0.17532914,0.43139648,0.12445219,True,4,True,iNaturalist-predominant
Scarus guacamaia,species_level,test,10,10,30,0.00000000,100.00000000,0.00000000,0.00000000,100.00000000,0.00000000,0.00007234,0.01561144,0.04698803,0.09343804,0.37451172,0.08142251,True,4,True,iNaturalist-predominant
Scarus iseri,species_level,train,396,99,800,17.17171717,82.82828283,0.00000000,17.17171717,82.82828283,0.00000000,0.00005425,0.00892696,0.02288442,0.07567003,0.43727696,0.06377622,True,36,False,iNaturalist-predominant
Scarus iseri,species_level,valid,10,10,25,0.00000000,100.00000000,0.00000000,0.00000000,100.00000000,0.00000000,0.00036169,0.02280454,0.03510802,0.13447627,0.24461685,0.07449725,True,36,False,iNaturalist-predominant
Scarus iseri,species_level,test,10,10,22,0.00000000,100.00000000,0.00000000,0.00000000,100.00000000,0.00000000,0.00081380,0.01991253,0.07490897,0.15080431,0.28094256,0.09325117,True,36,False,iNaturalist-predominant
Scarus juvenil,life_stage_or_initial_phase,train,504,126,1660,69.04761905,30.95238095,0.00000000,69.04761905,30.95238095,0.00000000,0.00002411,0.00103082,0.00329138,0.01074219,0.37217882,0.01347392,True,39,False,mixed_or_unknown
Scarus juvenil,life_stage_or_initial_phase,valid,11,11,26,100.00000000,0.00000000,0.00000000,100.00000000,0.00000000,0.00000000,0.00036169,0.00067515,0.00096149,0.00108507,0.01112799,0.00175083,True,39,False,mixed_or_unknown
Scarus juvenil,life_stage_or_initial_phase,test,10,10,20,100.00000000,0.00000000,0.00000000,100.00000000,0.00000000,0.00000000,0.00070530,0.00115515,0.00358374,0.01349404,0.02320843,0.00679495,True,39,False,mixed_or_unknown
Scarus taeniopterus,species_level,train,132,33,272,3.03030303,96.96969697,0.00000000,3.03030303,96.96969697,0.00000000,0.00000000,0.01258454,0.04955150,0.13413644,0.41097005,0.08780814,True,4,True,iNaturalist-predominant
Scarus taeniopterus,species_level,valid,10,10,21,0.00000000,100.00000000,0.00000000,0.00000000,100.00000000,0.00000000,0.00019592,0.01614342,0.07981590,0.16499084,0.26119430,0.09657506,True,4,True,iNaturalist-predominant
Scarus taeniopterus,species_level,test,10,10,21,0.00000000,100.00000000,0.00000000,0.00000000,100.00000000,0.00000000,0.00001206,0.03194927,0.05567913,0.22317467,0.70377604,0.13627338,True,4,True,iNaturalist-predominant
Scarus vetula,species_level,train,136,34,272,0.00000000,100.00000000,0.00000000,0.00000000,100.00000000,0.00000000,0.00074448,0.03303132,0.07603775,0.14095580,0.46020508,0.10905422,True,6,True,iNaturalist-predominant
Scarus vetula,species_level,valid,10,10,24,0.00000000,100.00000000,0.00000000,0.00000000,100.00000000,0.00000000,0.00019290,0.02497845,0.07188284,0.13511526,0.51338252,0.10774363,True,6,True,iNaturalist-predominant
Scarus vetula,species_level,test,10,10,23,0.00000000,100.00000000,0.00000000,0.00000000,100.00000000,0.00000000,0.00015673,0.00734682,0.04466869,0.11809474,0.28483073,0.07581569,True,6,True,iNaturalist-predominant
Sparisoma aurofrenatum,species_level,train,144,36,328,5.55555556,94.44444444,0.00000000,5.55555556,94.44444444,0.00000000,0.00026524,0.00700473,0.03123493,0.11773003,0.55726153,0.08450041,True,9,True,iNaturalist-predominant
Sparisoma aurofrenatum,species_level,valid,10,10,25,10.00000000,90.00000000,0.00000000,10.00000000,90.00000000,0.00000000,0.00010851,0.01810258,0.03355276,0.13792438,0.38906973,0.09035614,True,9,True,iNaturalist-predominant
Sparisoma aurofrenatum,species_level,test,10,10,26,0.00000000,100.00000000,0.00000000,0.00000000,100.00000000,0.00000000,0.00000000,0.00344585,0.03869026,0.10338225,0.37858977,0.07642088,True,9,True,iNaturalist-predominant
Sparisoma chrysopterum,species_level,train,172,43,368,13.95348837,86.04651163,0.00000000,13.95348837,86.04651163,0.00000000,0.00000000,0.01117622,0.05850785,0.14251935,0.47637563,0.10668392,True,15,False,iNaturalist-predominant
Sparisoma chrysopterum,species_level,valid,10,10,22,0.00000000,100.00000000,0.00000000,0.00000000,100.00000000,0.00000000,0.00054253,0.04050700,0.12182919,0.19298412,0.40567732,0.14004698,True,15,False,iNaturalist-predominant
Sparisoma chrysopterum,species_level,test,10,10,21,0.00000000,100.00000000,0.00000000,0.00000000,100.00000000,0.00000000,0.00003617,0.00521135,0.04044898,0.13541968,0.27244285,0.07924509,True,15,False,iNaturalist-predominant
Sparisoma rubripinne FI,life_stage_or_initial_phase,train,488,122,1032,66.39344262,33.60655738,0.00000000,66.39344262,33.60655738,0.00000000,0.00002411,0.00332755,0.00812446,0.02382632,0.43655961,0.03476353,True,38,False,mixed_or_unknown
Sparisoma rubripinne FI,life_stage_or_initial_phase,valid,10,10,20,100.00000000,0.00000000,0.00000000,100.00000000,0.00000000,0.00000000,0.00415943,0.01513672,0.02219118,0.02913562,0.07884838,0.02601122,True,38,False,mixed_or_unknown
Sparisoma rubripinne FI,life_stage_or_initial_phase,test,10,10,23,100.00000000,0.00000000,0.00000000,100.00000000,0.00000000,0.00000000,0.00155527,0.00911910,0.01953125,0.02482699,0.09798177,0.02136434,True,38,False,mixed_or_unknown
Sparisoma viride,species_level,train,208,52,464,0.00000000,100.00000000,0.00000000,0.00000000,100.00000000,0.00000000,0.00001808,0.01932705,0.06832321,0.18322452,0.46300817,0.11691891,True,17,False,iNaturalist-predominant
Sparisoma viride,species_level,valid,10,10,25,0.00000000,100.00000000,0.00000000,0.00000000,100.00000000,0.00000000,0.00227262,0.03012876,0.08416522,0.17207393,0.50853588,0.12620708,True,17,False,iNaturalist-predominant
Sparisoma viride,species_level,test,10,10,18,10.00000000,90.00000000,0.00000000,10.00000000,90.00000000,0.00000000,0.00277296,0.01905352,0.09638431,0.19857449,0.40606916,0.13684032,True,17,False,iNaturalist-predominant
Sparisoma viride FI,life_stage_or_initial_phase,train,272,68,632,11.76470588,88.23529412,0.00000000,11.76470588,88.23529412,0.00000000,0.00059076,0.00901813,0.02681327,0.07612365,0.33516590,0.05780740,True,26,False,iNaturalist-predominant
Sparisoma viride FI,life_stage_or_initial_phase,valid,10,10,22,40.00000000,60.00000000,0.00000000,40.00000000,60.00000000,0.00000000,0.00626929,0.01025993,0.02155219,0.07826968,0.40635851,0.08006073,True,26,False,iNaturalist-predominant
Sparisoma viride FI,life_stage_or_initial_phase,test,10,10,18,10.00000000,90.00000000,0.00000000,10.00000000,90.00000000,0.00000000,0.00028332,0.01285204,0.04719600,0.12076145,0.35234616,0.08568398,True,26,False,iNaturalist-predominant
Sphyraena barracuda,species_level,train,344,86,884,50.00000000,50.00000000,0.00000000,50.00000000,50.00000000,0.00000000,0.00000000,0.00204958,0.00458140,0.02748240,0.44982157,0.03742810,True,33,False,mixed_or_unknown
Sphyraena barracuda,species_level,valid,10,10,23,60.00000000,40.00000000,0.00000000,60.00000000,40.00000000,0.00000000,0.00081983,0.00968424,0.02367260,0.05437404,0.15414918,0.04234680,True,33,False,mixed_or_unknown
Sphyraena barracuda,species_level,test,10,10,22,60.00000000,40.00000000,0.00000000,60.00000000,40.00000000,0.00000000,0.00031648,0.00605755,0.03472222,0.06886574,0.42187500,0.05514989,True,33,False,mixed_or_unknown
Urobatis jamaicensis,species_level,train,148,37,356,10.81081081,89.18918919,0.00000000,10.81081081,89.18918919,0.00000000,0.00027127,0.00857205,0.05690888,0.15933642,0.58750482,0.11763281,True,10,True,iNaturalist-predominant
Urobatis jamaicensis,species_level,valid,10,10,25,0.00000000,100.00000000,0.00000000,0.00000000,100.00000000,0.00000000,0.00000301,0.01365379,0.09490741,0.17225477,0.85275608,0.16656081,True,10,True,iNaturalist-predominant
Urobatis jamaicensis,species_level,test,10,10,23,10.00000000,90.00000000,0.00000000,10.00000000,90.00000000,0.00000000,0.00001206,0.01691804,0.04856289,0.28565056,0.38352985,0.12919796,True,10,True,iNaturalist-predominant
unidentifiable,auxiliary,train,7620,1905,62068,91.23359580,8.76640420,0.00000000,91.23359580,8.76640420,0.00000000,0.00000000,0.00036470,0.00086806,0.00215205,0.51472982,0.00233299,True,52,False,SAMP-predominant
unidentifiable,auxiliary,valid,91,91,660,91.20879121,8.79120879,0.00000000,91.20879121,8.79120879,0.00000000,0.00006932,0.00037977,0.00075955,0.00158842,0.07093039,0.00172971,True,52,False,SAMP-predominant
unidentifiable,auxiliary,test,15,15,46,26.66666667,73.33333333,0.00000000,26.66666667,73.33333333,0.00000000,0.00031346,0.00180242,0.00884633,0.01869710,0.13880751,0.01817917,True,52,False,SAMP-predominant
